tool_ratio,qps,seed,policy,count,mean_wait,p95_wait,p99_wait,max_wait,starvation_count,mean_speedup_vs_fcfs,p95_speedup_vs_fcfs,p99_ratio_vs_fcfs
0.0,2.0,42,fcfs,500,241.955,1021.629,1457.116,2555.851,0,1.0,1.0,1.0
0.0,2.0,42,pure_ltr,500,191.946,816.619,1576.585,2521.368,0,1.261,1.251,1.082
0.0,2.0,42,ltr_aging,500,193.608,907.371,1447.493,2190.558,0,1.25,1.126,0.993
0.0,2.0,42,tail_safe,500,241.955,1021.629,1457.116,2555.851,0,1.0,1.0,1.0
0.0,2.0,42,gated_hybrid,500,193.608,907.371,1447.493,2190.558,0,1.25,1.126,0.993
0.0,3.0,42,fcfs,500,994.792,2640.644,3113.843,3288.027,0,1.0,1.0,1.0
0.0,3.0,42,pure_ltr,500,629.718,2383.934,5323.431,16675.195,7,1.58,1.108,1.71
0.0,3.0,42,ltr_aging,500,666.493,2283.229,3414.348,4715.92,0,1.493,1.157,1.097
0.0,3.0,42,tail_safe,500,994.792,2640.644,3113.843,3288.027,0,1.0,1.0,1.0
0.0,3.0,42,gated_hybrid,500,666.493,2283.229,3414.348,4715.92,0,1.493,1.157,1.097
0.0,4.0,42,fcfs,500,7091.932,13112.701,13632.924,13971.995,297,1.0,1.0,1.0
0.0,4.0,42,pure_ltr,500,3601.487,19258.09,79624.365,114320.696,48,1.969,0.681,5.841
0.0,4.0,42,ltr_aging,500,4643.281,14791.945,19660.313,21486.403,184,1.527,0.886,1.442
0.0,4.0,42,tail_safe,500,7091.932,13112.701,13632.924,13971.995,297,1.0,1.0,1.0
0.0,4.0,42,gated_hybrid,500,4643.281,14791.945,19660.313,21486.403,184,1.527,0.886,1.442
0.0,5.0,42,fcfs,500,22650.123,41340.007,42787.153,43551.307,430,1.0,1.0,1.0
0.0,5.0,42,pure_ltr,500,10489.428,77162.961,112237.145,120519.028,89,2.159,0.536,2.623
0.0,5.0,42,ltr_aging,500,14745.798,47177.036,59942.646,72778.459,304,1.536,0.876,1.401
0.0,5.0,42,tail_safe,500,22650.123,41340.007,42787.153,43551.307,430,1.0,1.0,1.0
0.0,5.0,42,gated_hybrid,500,14745.798,47177.036,59942.646,72778.459,304,1.536,0.876,1.401
0.0,2.0,6806,fcfs,500,330.894,1683.662,2321.792,3314.722,0,1.0,1.0,1.0
0.0,2.0,6806,pure_ltr,500,250.747,1056.617,2295.263,5612.816,1,1.32,1.593,0.989
0.0,2.0,6806,ltr_aging,500,253.254,1114.726,2375.086,4011.826,0,1.307,1.51,1.023
0.0,2.0,6806,tail_safe,500,330.894,1683.662,2321.792,3314.722,0,1.0,1.0,1.0
0.0,2.0,6806,gated_hybrid,500,253.254,1114.726,2375.086,4011.826,0,1.307,1.51,1.023
0.0,3.0,6806,fcfs,500,970.53,3552.133,4029.786,4544.961,0,1.0,1.0,1.0
0.0,3.0,6806,pure_ltr,500,567.638,1925.354,7806.491,14976.133,10,1.71,1.845,1.937
0.0,3.0,6806,ltr_aging,500,612.669,2422.16,4914.883,6299.387,5,1.584,1.467,1.22
0.0,3.0,6806,tail_safe,500,970.53,3552.133,4029.786,4544.961,0,1.0,1.0,1.0
0.0,3.0,6806,gated_hybrid,500,612.669,2422.16,4914.883,6299.387,5,1.584,1.467,1.22
0.0,4.0,6806,fcfs,500,9019.988,18619.016,21503.127,22708.142,366,1.0,1.0,1.0
0.0,4.0,6806,pure_ltr,500,4095.408,19787.414,86222.458,110496.168,55,2.202,0.941,4.01
0.0,4.0,6806,ltr_aging,500,5932.577,19527.14,24837.318,29954.307,217,1.52,0.953,1.155
0.0,4.0,6806,tail_safe,500,9019.988,18619.016,21503.127,22708.142,366,1.0,1.0,1.0
0.0,4.0,6806,gated_hybrid,500,5932.577,19527.14,24837.318,29954.307,217,1.52,0.953,1.155
0.0,5.0,6806,fcfs,500,18492.126,35572.85,36969.165,38101.296,431,1.0,1.0,1.0
0.0,5.0,6806,pure_ltr,500,8274.712,71387.3,103189.245,114439.666,83,2.235,0.498,2.791
0.0,5.0,6806,ltr_aging,500,12161.95,36519.05,46003.388,52091.336,304,1.52,0.974,1.244
0.0,5.0,6806,tail_safe,500,18492.126,35572.85,36969.165,38101.296,431,1.0,1.0,1.0
0.0,5.0,6806,gated_hybrid,500,12161.95,36519.05,46003.388,52091.336,304,1.52,0.974,1.244
0.0,2.0,20260709,fcfs,500,263.212,1151.289,1678.589,2003.767,0,1.0,1.0,1.0
0.0,2.0,20260709,pure_ltr,500,195.671,918.738,1753.55,2955.81,0,1.345,1.253,1.045
0.0,2.0,20260709,ltr_aging,500,193.895,819.944,1505.205,2500.49,0,1.357,1.404,0.897
0.0,2.0,20260709,tail_safe,500,263.212,1151.289,1678.589,2003.767,0,1.0,1.0,1.0
0.0,2.0,20260709,gated_hybrid,500,193.895,819.944,1505.205,2500.49,0,1.357,1.404,0.897
0.0,3.0,20260709,fcfs,500,1008.399,3484.154,4213.596,4424.915,0,1.0,1.0,1.0
0.0,3.0,20260709,pure_ltr,500,576.197,2331.348,6083.889,22821.977,6,1.75,1.494,1.444
0.0,3.0,20260709,ltr_aging,500,650.198,2744.657,4833.251,5573.145,3,1.551,1.269,1.147
0.0,3.0,20260709,tail_safe,500,1008.399,3484.154,4213.596,4424.915,0,1.0,1.0,1.0
0.0,3.0,20260709,gated_hybrid,500,650.198,2744.657,4833.251,5573.145,3,1.551,1.269,1.147
0.0,4.0,20260709,fcfs,500,3807.931,5970.769,6782.14,6932.749,82,1.0,1.0,1.0
0.0,4.0,20260709,pure_ltr,500,1758.08,5939.769,30844.76,76564.566,29,2.166,1.005,4.548
0.0,4.0,20260709,ltr_aging,500,2298.383,6972.406,8552.931,11524.81,74,1.657,0.856,1.261
0.0,4.0,20260709,tail_safe,500,3807.931,5970.769,6782.14,6932.749,82,1.0,1.0,1.0
0.0,4.0,20260709,gated_hybrid,500,2298.383,6972.406,8552.931,11524.81,74,1.657,0.856,1.261
0.0,5.0,20260709,fcfs,500,21213.052,39042.774,39445.461,39855.397,440,1.0,1.0,1.0
0.0,5.0,20260709,pure_ltr,500,9262.714,72851.531,108417.314,121440.195,85,2.29,0.536,2.749
0.0,5.0,20260709,ltr_aging,500,13108.516,40709.709,51259.986,62660.497,299,1.618,0.959,1.3
0.0,5.0,20260709,tail_safe,500,21213.052,39042.774,39445.461,39855.397,440,1.0,1.0,1.0
0.0,5.0,20260709,gated_hybrid,500,13108.516,40709.709,51259.986,62660.497,299,1.618,0.959,1.3
0.0,2.0,101,fcfs,500,437.881,2219.207,2920.979,3346.44,0,1.0,1.0,1.0
0.0,2.0,101,pure_ltr,500,295.316,1110.393,3852.883,8254.157,3,1.483,1.999,1.319
0.0,2.0,101,ltr_aging,500,308.488,1392.732,3308.877,4367.237,0,1.419,1.593,1.133
0.0,2.0,101,tail_safe,500,437.881,2219.207,2920.979,3346.44,0,1.0,1.0,1.0
0.0,2.0,101,gated_hybrid,500,308.488,1392.732,3308.877,4367.237,0,1.419,1.593,1.133
0.0,3.0,101,fcfs,500,930.13,3412.759,4504.876,5139.259,1,1.0,1.0,1.0
0.0,3.0,101,pure_ltr,500,560.251,2523.279,5264.337,17534.661,7,1.66,1.353,1.169
0.0,3.0,101,ltr_aging,500,629.575,2530.209,4821.153,6696.751,3,1.477,1.349,1.07
0.0,3.0,101,tail_safe,500,930.13,3412.759,4504.876,5139.259,1,1.0,1.0,1.0
0.0,3.0,101,gated_hybrid,500,629.575,2530.209,4821.153,6696.751,3,1.477,1.349,1.07
0.0,4.0,101,fcfs,500,10615.477,25396.334,26539.096,27258.78,283,1.0,1.0,1.0
0.0,4.0,101,pure_ltr,500,4864.809,44241.203,69629.074,92503.354,59,2.182,0.574,2.624
0.0,4.0,101,ltr_aging,500,6704.713,25768.41,32693.748,43633.02,190,1.583,0.986,1.232
0.0,4.0,101,tail_safe,500,10615.477,25396.334,26539.096,27258.78,283,1.0,1.0,1.0
0.0,4.0,101,gated_hybrid,500,6704.713,25768.41,32693.748,43633.02,190,1.583,0.986,1.232
0.0,5.0,101,fcfs,500,18166.561,37554.887,38197.042,39266.945,417,1.0,1.0,1.0
0.0,5.0,101,pure_ltr,500,8707.934,69743.002,108244.925,133203.678,83,2.086,0.538,2.834
0.0,5.0,101,ltr_aging,500,11648.782,37161.435,47955.277,57084.819,294,1.56,1.011,1.255
0.0,5.0,101,tail_safe,500,18166.561,37554.887,38197.042,39266.945,417,1.0,1.0,1.0
0.0,5.0,101,gated_hybrid,500,11648.782,37161.435,47955.277,57084.819,294,1.56,1.011,1.255
0.0,2.0,202,fcfs,500,355.349,1476.253,1935.2,2690.361,0,1.0,1.0,1.0
0.0,2.0,202,pure_ltr,500,278.739,1187.747,2790.282,4750.499,0,1.275,1.243,1.442
0.0,2.0,202,ltr_aging,500,271.411,1202.792,2323.148,2797.103,0,1.309,1.227,1.2
0.0,2.0,202,tail_safe,500,355.349,1476.253,1935.2,2690.361,0,1.0,1.0,1.0
0.0,2.0,202,gated_hybrid,500,271.411,1202.792,2323.148,2797.103,0,1.309,1.227,1.2
0.0,3.0,202,fcfs,500,689.421,1914.32,2275.458,2914.775,0,1.0,1.0,1.0
0.0,3.0,202,pure_ltr,500,472.371,1760.288,4431.432,8934.65,4,1.459,1.088,1.947
0.0,3.0,202,ltr_aging,500,488.696,1860.15,2865.151,3524.64,0,1.411,1.029,1.259
0.0,3.0,202,tail_safe,500,689.421,1914.32,2275.458,2914.775,0,1.0,1.0,1.0
0.0,3.0,202,gated_hybrid,500,488.696,1860.15,2865.151,3524.64,0,1.411,1.029,1.259
0.0,4.0,202,fcfs,500,10784.731,17686.25,18343.468,18849.228,357,1.0,1.0,1.0
0.0,4.0,202,pure_ltr,500,5150.327,30504.375,103386.799,132390.178,64,2.094,0.58,5.636
0.0,4.0,202,ltr_aging,500,7214.445,20694.501,25940.393,30981.228,251,1.495,0.855,1.414
0.0,4.0,202,tail_safe,500,10784.731,17686.25,18343.468,18849.228,357,1.0,1.0,1.0
0.0,4.0,202,gated_hybrid,500,7214.445,20694.501,25940.393,30981.228,251,1.495,0.855,1.414
0.0,5.0,202,fcfs,500,21096.949,40363.018,41543.022,41798.557,428,1.0,1.0,1.0
0.0,5.0,202,pure_ltr,500,10037.518,82254.795,108045.172,130742.407,90,2.102,0.491,2.601
0.0,5.0,202,ltr_aging,500,13817.069,43504.279,53866.336,57155.469,314,1.527,0.928,1.297
0.0,5.0,202,tail_safe,500,21096.949,40363.018,41543.022,41798.557,428,1.0,1.0,1.0
0.0,5.0,202,gated_hybrid,500,13817.069,43504.279,53866.336,57155.469,314,1.527,0.928,1.297
0.0,2.0,303,fcfs,500,288.804,1318.313,1776.825,2515.965,0,1.0,1.0,1.0
0.0,2.0,303,pure_ltr,500,223.628,869.397,3034.859,3915.411,0,1.291,1.516,1.708
0.0,2.0,303,ltr_aging,500,223.172,985.905,2049.665,3127.061,0,1.294,1.337,1.154
0.0,2.0,303,tail_safe,500,288.804,1318.313,1776.825,2515.965,0,1.0,1.0,1.0
0.0,2.0,303,gated_hybrid,500,223.172,985.905,2049.665,3127.061,0,1.294,1.337,1.154
0.0,3.0,303,fcfs,500,884.822,3320.987,4620.569,5213.718,3,1.0,1.0,1.0
0.0,3.0,303,pure_ltr,500,542.668,2496.291,5348.916,16712.17,7,1.631,1.33,1.158
0.0,3.0,303,ltr_aging,500,618.665,2486.628,5034.718,6416.7,6,1.43,1.336,1.09
0.0,3.0,303,tail_safe,500,884.822,3320.987,4620.569,5213.718,3,1.0,1.0,1.0
0.0,3.0,303,gated_hybrid,500,618.665,2486.628,5034.718,6416.7,6,1.43,1.336,1.09
0.0,4.0,303,fcfs,500,8500.378,15782.929,16407.463,16637.165,358,1.0,1.0,1.0
0.0,4.0,303,pure_ltr,500,3603.186,17840.261,65562.535,129520.426,54,2.359,0.885,3.996
0.0,4.0,303,ltr_aging,500,5509.725,17154.406,24372.142,29110.529,218,1.543,0.92,1.485
0.0,4.0,303,tail_safe,500,8500.378,15782.929,16407.463,16637.165,358,1.0,1.0,1.0
0.0,4.0,303,gated_hybrid,500,5509.725,17154.406,24372.142,29110.529,218,1.543,0.92,1.485
0.0,5.0,303,fcfs,500,18938.574,38121.809,39774.701,40041.786,467,1.0,1.0,1.0
0.0,5.0,303,pure_ltr,500,8840.683,67294.909,101922.32,130085.764,99,2.142,0.566,2.562
0.0,5.0,303,ltr_aging,500,12498.902,39014.839,49241.379,62559.086,309,1.515,0.977,1.238
0.0,5.0,303,tail_safe,500,18938.574,38121.809,39774.701,40041.786,467,1.0,1.0,1.0
0.0,5.0,303,gated_hybrid,500,12498.902,39014.839,49241.379,62559.086,309,1.515,0.977,1.238
0.0,2.0,404,fcfs,500,453.822,2355.323,3496.609,3960.663,0,1.0,1.0,1.0
0.0,2.0,404,pure_ltr,500,299.731,1059.856,4107.341,8519.409,3,1.514,2.222,1.175
0.0,2.0,404,ltr_aging,500,324.291,1372.312,3460.737,4953.064,0,1.399,1.716,0.99
0.0,2.0,404,tail_safe,500,453.822,2355.323,3496.609,3960.663,0,1.0,1.0,1.0
0.0,2.0,404,gated_hybrid,500,324.291,1372.312,3460.737,4953.064,0,1.399,1.716,0.99
0.0,3.0,404,fcfs,500,934.236,2635.463,3412.177,3595.059,0,1.0,1.0,1.0
0.0,3.0,404,pure_ltr,500,566.633,2339.351,5949.209,13296.046,10,1.649,1.127,1.744
0.0,3.0,404,ltr_aging,500,619.066,2504.108,4173.381,5044.497,1,1.509,1.052,1.223
0.0,3.0,404,tail_safe,500,934.236,2635.463,3412.177,3595.059,0,1.0,1.0,1.0
0.0,3.0,404,gated_hybrid,500,619.066,2504.108,4173.381,5044.497,1,1.509,1.052,1.223
0.0,4.0,404,fcfs,500,6871.361,19644.763,20944.397,21421.216,246,1.0,1.0,1.0
0.0,4.0,404,pure_ltr,500,3093.319,13947.417,62819.862,79062.607,45,2.221,1.408,2.999
0.0,4.0,404,ltr_aging,500,4356.474,17599.691,25731.892,33342.785,148,1.577,1.116,1.229
0.0,4.0,404,tail_safe,500,6871.361,19644.763,20944.397,21421.216,246,1.0,1.0,1.0
0.0,4.0,404,gated_hybrid,500,4356.474,17599.691,25731.892,33342.785,148,1.577,1.116,1.229
0.0,5.0,404,fcfs,500,18816.058,38257.196,39711.314,40105.87,430,1.0,1.0,1.0
0.0,5.0,404,pure_ltr,500,8746.852,70789.107,109678.321,125329.526,77,2.151,0.54,2.762
0.0,5.0,404,ltr_aging,500,11940.389,39825.35,53836.526,56710.324,280,1.576,0.961,1.356
0.0,5.0,404,tail_safe,500,18816.058,38257.196,39711.314,40105.87,430,1.0,1.0,1.0
0.0,5.0,404,gated_hybrid,500,11940.389,39825.35,53836.526,56710.324,280,1.576,0.961,1.356
0.0,2.0,505,fcfs,500,229.724,937.369,1428.644,2167.863,0,1.0,1.0,1.0
0.0,2.0,505,pure_ltr,500,185.756,790.909,1181.944,2601.102,0,1.237,1.185,0.827
0.0,2.0,505,ltr_aging,500,187.314,823.015,1157.166,2601.102,0,1.226,1.139,0.81
0.0,2.0,505,tail_safe,500,229.724,937.369,1428.644,2167.863,0,1.0,1.0,1.0
0.0,2.0,505,gated_hybrid,500,187.314,823.015,1157.166,2601.102,0,1.226,1.139,0.81
0.0,3.0,505,fcfs,500,752.545,2449.618,3214.942,3532.494,0,1.0,1.0,1.0
0.0,3.0,505,pure_ltr,500,496.403,1421.545,5304.057,15134.968,6,1.516,1.723,1.65
0.0,3.0,505,ltr_aging,500,525.813,2302.337,3413.472,4877.985,0,1.431,1.064,1.062
0.0,3.0,505,tail_safe,500,752.545,2449.618,3214.942,3532.494,0,1.0,1.0,1.0
0.0,3.0,505,gated_hybrid,500,525.813,2302.337,3413.472,4877.985,0,1.431,1.064,1.062
0.0,4.0,505,fcfs,500,4145.576,8166.544,9567.002,9964.136,186,1.0,1.0,1.0
0.0,4.0,505,pure_ltr,500,1953.341,6152.33,39541.032,97477.892,29,2.122,1.327,4.133
0.0,4.0,505,ltr_aging,500,2545.523,8749.938,12152.976,13707.038,86,1.629,0.933,1.27
0.0,4.0,505,tail_safe,500,4145.576,8166.544,9567.002,9964.136,186,1.0,1.0,1.0
0.0,4.0,505,gated_hybrid,500,2545.523,8749.938,12152.976,13707.038,86,1.629,0.933,1.27
0.0,5.0,505,fcfs,500,16765.335,30703.052,31350.325,31598.465,451,1.0,1.0,1.0
0.0,5.0,505,pure_ltr,500,7279.503,61565.042,108901.876,123841.241,68,2.303,0.499,3.474
0.0,5.0,505,ltr_aging,500,10648.847,32302.646,40341.112,45887.053,294,1.574,0.95,1.287
0.0,5.0,505,tail_safe,500,16765.335,30703.052,31350.325,31598.465,451,1.0,1.0,1.0
0.0,5.0,505,gated_hybrid,500,10648.847,32302.646,40341.112,45887.053,294,1.574,0.95,1.287
0.0,2.0,606,fcfs,500,309.175,1185.913,1727.66,2883.187,0,1.0,1.0,1.0
0.0,2.0,606,pure_ltr,500,244.158,985.98,1583.089,2415.732,0,1.266,1.203,0.916
0.0,2.0,606,ltr_aging,500,244.178,928.104,1471.499,2233.491,0,1.266,1.278,0.852
0.0,2.0,606,tail_safe,500,309.175,1185.913,1727.66,2883.187,0,1.0,1.0,1.0
0.0,2.0,606,gated_hybrid,500,244.178,928.104,1471.499,2233.491,0,1.266,1.278,0.852
0.0,3.0,606,fcfs,500,1342.802,4005.402,7571.743,8087.611,17,1.0,1.0,1.0
0.0,3.0,606,pure_ltr,500,745.968,2850.843,9148.485,31766.606,14,1.8,1.405,1.208
0.0,3.0,606,ltr_aging,500,880.779,3884.381,6338.993,8663.001,13,1.525,1.031,0.837
0.0,3.0,606,tail_safe,500,1342.802,4005.402,7571.743,8087.611,17,1.0,1.0,1.0
0.0,3.0,606,gated_hybrid,500,880.779,3884.381,6338.993,8663.001,13,1.525,1.031,0.837
0.0,4.0,606,fcfs,500,7347.97,15380.682,19648.799,20404.392,391,1.0,1.0,1.0
0.0,4.0,606,pure_ltr,500,3136.575,14059.036,51172.508,126264.781,49,2.343,1.094,2.604
0.0,4.0,606,ltr_aging,500,4707.6,15494.262,21139.25,27554.617,191,1.561,0.993,1.076
0.0,4.0,606,tail_safe,500,7347.97,15380.682,19648.799,20404.392,391,1.0,1.0,1.0
0.0,4.0,606,gated_hybrid,500,4707.6,15494.262,21139.25,27554.617,191,1.561,0.993,1.076
0.0,5.0,606,fcfs,500,18039.823,39958.858,43730.216,44378.132,445,1.0,1.0,1.0
0.0,5.0,606,pure_ltr,500,8171.985,60380.103,108027.687,133459.71,88,2.208,0.662,2.47
0.0,5.0,606,ltr_aging,500,11505.865,41700.272,52553.623,60966.884,298,1.568,0.958,1.202
0.0,5.0,606,tail_safe,500,18039.823,39958.858,43730.216,44378.132,445,1.0,1.0,1.0
0.0,5.0,606,gated_hybrid,500,11505.865,41700.272,52553.623,60966.884,298,1.568,0.958,1.202
0.0,2.0,707,fcfs,500,337.309,1699.384,3112.277,3651.774,0,1.0,1.0,1.0
0.0,2.0,707,pure_ltr,500,245.746,946.658,3162.72,5844.853,2,1.373,1.795,1.016
0.0,2.0,707,ltr_aging,500,265.694,1152.502,2820.576,4469.856,0,1.27,1.475,0.906
0.0,2.0,707,tail_safe,500,337.309,1699.384,3112.277,3651.774,0,1.0,1.0,1.0
0.0,2.0,707,gated_hybrid,500,265.694,1152.502,2820.576,4469.856,0,1.27,1.475,0.906
0.0,3.0,707,fcfs,500,4425.961,8149.948,9184.229,9310.467,265,1.0,1.0,1.0
0.0,3.0,707,pure_ltr,500,2036.366,5214.545,57150.893,83126.3,27,2.173,1.563,6.223
0.0,3.0,707,ltr_aging,500,2885.281,9636.873,11925.476,15943.71,129,1.534,0.846,1.298
0.0,3.0,707,tail_safe,500,4425.961,8149.948,9184.229,9310.467,265,1.0,1.0,1.0
0.0,3.0,707,gated_hybrid,500,2885.281,9636.873,11925.476,15943.71,129,1.534,0.846,1.298
0.0,4.0,707,fcfs,500,11370.501,20471.729,21174.525,21795.27,389,1.0,1.0,1.0
0.0,4.0,707,pure_ltr,500,5113.394,27797.897,110656.601,126928.236,62,2.224,0.736,5.226
0.0,4.0,707,ltr_aging,500,7485.159,22691.507,27617.602,39950.995,253,1.519,0.902,1.304
0.0,4.0,707,tail_safe,500,11370.501,20471.729,21174.525,21795.27,389,1.0,1.0,1.0
0.0,4.0,707,gated_hybrid,500,7485.159,22691.507,27617.602,39950.995,253,1.519,0.902,1.304
0.0,5.0,707,fcfs,500,23799.605,45441.146,48008.963,48413.077,462,1.0,1.0,1.0
0.0,5.0,707,pure_ltr,500,11531.388,81979.202,119615.047,130374.314,106,2.064,0.554,2.492
0.0,5.0,707,ltr_aging,500,15667.429,47361.522,55517.578,69683.929,320,1.519,0.959,1.156
0.0,5.0,707,tail_safe,500,23799.605,45441.146,48008.963,48413.077,462,1.0,1.0,1.0
0.0,5.0,707,gated_hybrid,500,15667.429,47361.522,55517.578,69683.929,320,1.519,0.959,1.156
0.25,2.0,42,fcfs,500,194.692,921.572,1546.069,2075.95,0,1.0,1.0,1.0
0.25,2.0,42,pure_ltr,500,186.961,910.12,2021.669,3467.091,0,1.041,1.013,1.308
0.25,2.0,42,ltr_aging,500,185.756,908.52,1742.734,3467.091,0,1.048,1.014,1.127
0.25,2.0,42,tail_safe,500,181.443,844.456,1351.023,2131.44,0,1.073,1.091,0.874
0.25,2.0,42,gated_hybrid,500,161.434,771.108,1233.356,2888.35,0,1.206,1.195,0.798
0.25,3.0,42,fcfs,500,637.829,2024.646,2312.855,2500.827,0,1.0,1.0,1.0
0.25,3.0,42,pure_ltr,500,556.608,2062.492,9297.413,13797.103,9,1.146,0.982,4.02
0.25,3.0,42,ltr_aging,500,577.787,2170.065,7028.041,13464.083,6,1.104,0.933,3.039
0.25,3.0,42,tail_safe,500,589.729,2023.79,3754.554,5920.851,2,1.082,1.0,1.623
0.25,3.0,42,gated_hybrid,500,461.063,1892.327,3290.665,6078.468,1,1.383,1.07,1.423
0.25,4.0,42,fcfs,500,1261.289,3079.93,3480.514,3865.716,0,1.0,1.0,1.0
0.25,4.0,42,pure_ltr,500,1609.594,9358.059,22106.531,55138.158,34,0.784,0.329,6.352
0.25,4.0,42,ltr_aging,500,1587.253,9523.35,18626.874,40640.585,36,0.795,0.323,5.352
0.25,4.0,42,tail_safe,500,1155.361,3079.181,4723.414,8228.263,5,1.092,1.0,1.357
0.25,4.0,42,gated_hybrid,500,890.854,3379.99,5143.927,9932.113,7,1.416,0.911,1.478
0.25,5.0,42,fcfs,500,13850.296,23567.399,24040.492,24258.585,431,1.0,1.0,1.0
0.25,5.0,42,pure_ltr,500,13481.556,84421.971,105460.801,115027.163,126,1.027,0.279,4.387
0.25,5.0,42,ltr_aging,500,13790.792,68498.342,101459.707,113627.993,263,1.004,0.344,4.22
0.25,5.0,42,tail_safe,500,12699.515,23305.862,42058.111,46181.067,397,1.091,1.011,1.749
0.25,5.0,42,gated_hybrid,500,9580.479,31054.704,39923.917,47179.133,276,1.446,0.759,1.661
0.25,2.0,6806,fcfs,500,174.364,843.558,1466.642,1727.294,0,1.0,1.0,1.0
0.25,2.0,6806,pure_ltr,500,148.681,712.424,1555.107,3201.821,0,1.173,1.184,1.06
0.25,2.0,6806,ltr_aging,500,147.951,723.576,1529.913,1946.817,0,1.179,1.166,1.043
0.25,2.0,6806,tail_safe,500,160.07,825.758,1446.742,1904.231,0,1.089,1.022,0.986
0.25,2.0,6806,gated_hybrid,500,141.546,685.777,1293.574,1946.817,0,1.232,1.23,0.882
0.25,3.0,6806,fcfs,500,459.714,1735.419,3280.997,4133.77,0,1.0,1.0,1.0
0.25,3.0,6806,pure_ltr,500,482.234,1852.357,8642.106,11268.183,12,0.953,0.937,2.634
0.25,3.0,6806,ltr_aging,500,465.022,1862.605,7144.082,10068.892,9,0.989,0.932,2.177
0.25,3.0,6806,tail_safe,500,410.768,1612.481,3733.212,4201.84,0,1.119,1.076,1.138
0.25,3.0,6806,gated_hybrid,500,330.617,1351.777,3150.487,4340.498,0,1.39,1.284,0.96
0.25,4.0,6806,fcfs,500,2005.565,4370.607,4960.822,5062.431,1,1.0,1.0,1.0
0.25,4.0,6806,pure_ltr,500,2030.343,11678.923,28661.527,50401.751,54,0.988,0.374,5.778
0.25,4.0,6806,ltr_aging,500,1940.41,11298.096,21745.36,26900.638,50,1.034,0.387,4.383
0.25,4.0,6806,tail_safe,500,1809.538,4555.445,8115.522,9984.191,17,1.108,0.959,1.636
0.25,4.0,6806,gated_hybrid,500,1296.177,5151.669,9165.785,11150.257,27,1.547,0.848,1.848
0.25,5.0,6806,fcfs,500,8095.015,14682.427,15347.296,15774.269,387,1.0,1.0,1.0
0.25,5.0,6806,pure_ltr,500,8955.443,73347.997,98837.416,105731.07,92,0.904,0.2,6.44
0.25,5.0,6806,ltr_aging,500,8290.272,44653.442,83109.326,98648.766,197,0.976,0.329,5.415
0.25,5.0,6806,tail_safe,500,7416.453,15676.955,22061.013,28561.026,342,1.091,0.937,1.437
0.25,5.0,6806,gated_hybrid,500,5527.598,18279.166,23040.271,28163.486,225,1.464,0.803,1.501
0.25,2.0,20260709,fcfs,500,201.199,975.312,1632.725,2186.277,0,1.0,1.0,1.0
0.25,2.0,20260709,pure_ltr,500,167.417,793.344,1833.961,3181.15,0,1.202,1.229,1.123
0.25,2.0,20260709,ltr_aging,500,165.568,776.333,1833.961,3181.15,0,1.215,1.256,1.123
0.25,2.0,20260709,tail_safe,500,198.861,937.576,1862.372,2872.503,0,1.012,1.04,1.141
0.25,2.0,20260709,gated_hybrid,500,168.566,793.344,1830.851,2605.413,0,1.194,1.229,1.121
0.25,3.0,20260709,fcfs,500,576.405,1993.82,2780.793,3117.777,0,1.0,1.0,1.0
0.25,3.0,20260709,pure_ltr,500,458.403,1668.335,6331.551,9359.999,8,1.257,1.195,2.277
0.25,3.0,20260709,ltr_aging,500,469.26,2008.147,4265.792,6678.744,4,1.228,0.993,1.534
0.25,3.0,20260709,tail_safe,500,532.246,2155.226,2894.184,6909.642,1,1.083,0.925,1.041
0.25,3.0,20260709,gated_hybrid,500,405.718,1597.231,3972.996,7183.922,2,1.421,1.248,1.429
0.25,4.0,20260709,fcfs,500,945.909,2860.95,3443.226,3887.997,0,1.0,1.0,1.0
0.25,4.0,20260709,pure_ltr,500,884.546,3908.194,12981.236,19631.435,22,1.069,0.732,3.77
0.25,4.0,20260709,ltr_aging,500,856.942,3889.956,8806.318,15216.519,20,1.104,0.735,2.558
0.25,4.0,20260709,tail_safe,500,857.158,2761.405,5271.616,6988.01,6,1.104,1.036,1.531
0.25,4.0,20260709,gated_hybrid,500,636.943,2732.442,5424.557,6694.42,8,1.485,1.047,1.575
0.25,5.0,20260709,fcfs,500,7964.775,17970.116,19041.129,19306.194,288,1.0,1.0,1.0
0.25,5.0,20260709,pure_ltr,500,9308.094,70182.896,99669.632,105727.745,91,0.856,0.256,5.234
0.25,5.0,20260709,ltr_aging,500,8633.469,51626.828,95985.318,104528.375,162,0.923,0.348,5.041
0.25,5.0,20260709,tail_safe,500,7463.112,17508.936,33345.716,37118.079,254,1.067,1.026,1.751
0.25,5.0,20260709,gated_hybrid,500,5420.661,21367.583,30426.669,35794.787,178,1.469,0.841,1.598
0.25,2.0,101,fcfs,500,180.733,842.36,1377.913,1961.155,0,1.0,1.0,1.0
0.25,2.0,101,pure_ltr,500,171.782,745.724,1776.68,4521.394,0,1.052,1.13,1.289
0.25,2.0,101,ltr_aging,500,170.168,756.011,1519.465,4521.394,0,1.062,1.114,1.103
0.25,2.0,101,tail_safe,500,185.3,836.406,1610.586,3736.574,0,0.975,1.007,1.169
0.25,2.0,101,gated_hybrid,500,165.503,745.935,1518.892,3588.96,0,1.092,1.129,1.102
0.25,3.0,101,fcfs,500,560.107,2650.563,3549.403,4724.653,0,1.0,1.0,1.0
0.25,3.0,101,pure_ltr,500,437.01,1455.757,6833.653,13554.713,10,1.282,1.821,1.925
0.25,3.0,101,ltr_aging,500,445.974,2120.216,5151.639,9300.984,6,1.256,1.25,1.451
0.25,3.0,101,tail_safe,500,538.13,2653.712,3945.099,7130.196,2,1.041,0.999,1.111
0.25,3.0,101,gated_hybrid,500,403.394,2024.92,3873.722,7074.999,4,1.388,1.309,1.091
0.25,4.0,101,fcfs,500,2981.935,6866.113,7680.693,8041.329,124,1.0,1.0,1.0
0.25,4.0,101,pure_ltr,500,3323.631,20115.623,60914.638,70735.983,42,0.897,0.341,7.931
0.25,4.0,101,ltr_aging,500,2638.258,10647.205,25257.355,56387.498,62,1.13,0.645,3.288
0.25,4.0,101,tail_safe,500,2778.206,7151.875,11331.77,14385.411,102,1.073,0.96,1.475
0.25,4.0,101,gated_hybrid,500,2012.196,8220.033,11636.296,15293.541,62,1.482,0.835,1.515
0.25,5.0,101,fcfs,500,8755.08,14472.524,15611.918,16453.765,430,1.0,1.0,1.0
0.25,5.0,101,pure_ltr,500,9295.281,72532.154,105315.381,115854.033,90,0.942,0.2,6.746
0.25,5.0,101,ltr_aging,500,7861.763,34101.453,59942.259,104213.479,210,1.114,0.424,3.84
0.25,5.0,101,tail_safe,500,8164.467,15479.582,25728.434,29901.12,377,1.072,0.935,1.648
0.25,5.0,101,gated_hybrid,500,5909.243,19198.774,27179.883,32139.546,219,1.482,0.754,1.741
0.25,2.0,202,fcfs,500,222.306,971.359,1398.374,2252.423,0,1.0,1.0,1.0
0.25,2.0,202,pure_ltr,500,194.768,869.741,1745.25,4764.653,0,1.141,1.117,1.248
0.25,2.0,202,ltr_aging,500,194.766,866.618,1646.075,4764.653,0,1.141,1.121,1.177
0.25,2.0,202,tail_safe,500,206.084,869.589,1451.337,3569.153,0,1.079,1.117,1.038
0.25,2.0,202,gated_hybrid,500,182.704,797.447,1645.137,2430.041,0,1.217,1.218,1.176
0.25,3.0,202,fcfs,500,596.206,3280.844,4249.894,4706.73,0,1.0,1.0,1.0
0.25,3.0,202,pure_ltr,500,514.165,2593.242,8074.533,11382.462,13,1.16,1.265,1.9
0.25,3.0,202,ltr_aging,500,515.002,2678.57,6424.922,11051.432,8,1.158,1.225,1.512
0.25,3.0,202,tail_safe,500,581.178,3151.172,4091.852,9705.669,3,1.026,1.041,0.963
0.25,3.0,202,gated_hybrid,500,463.232,2291.432,4402.705,10012.549,5,1.287,1.432,1.036
0.25,4.0,202,fcfs,500,1668.024,4675.344,5177.529,5425.759,9,1.0,1.0,1.0
0.25,4.0,202,pure_ltr,500,1341.693,6418.745,16723.265,29235.607,38,1.243,0.728,3.23
0.25,4.0,202,ltr_aging,500,1403.342,6348.427,12780.077,26829.347,36,1.189,0.736,2.468
0.25,4.0,202,tail_safe,500,1530.339,4771.744,7365.656,9767.394,20,1.09,0.98,1.423
0.25,4.0,202,gated_hybrid,500,1158.606,5272.777,8717.824,9581.254,27,1.44,0.887,1.684
0.25,5.0,202,fcfs,500,9838.712,20002.978,22122.4,22529.311,400,1.0,1.0,1.0
0.25,5.0,202,pure_ltr,500,9046.038,65764.642,97555.127,112620.783,96,1.088,0.304,4.41
0.25,5.0,202,ltr_aging,500,9313.298,47109.296,77434.704,110176.993,233,1.056,0.425,3.5
0.25,5.0,202,tail_safe,500,9209.436,20043.573,30294.613,41194.801,352,1.068,0.998,1.369
0.25,5.0,202,gated_hybrid,500,6899.495,23710.789,28742.275,31703.47,238,1.426,0.844,1.299
0.25,2.0,303,fcfs,500,199.967,1127.888,1475.342,1945.733,0,1.0,1.0,1.0
0.25,2.0,303,pure_ltr,500,176.237,828.229,1821.09,3679.23,0,1.135,1.362,1.234
0.25,2.0,303,ltr_aging,500,176.485,844.329,1741.319,3679.23,0,1.133,1.336,1.18
0.25,2.0,303,tail_safe,500,188.869,1008.727,1598.217,2173.91,0,1.059,1.118,1.083
0.25,2.0,303,gated_hybrid,500,157.07,701.178,1557.771,2173.91,0,1.273,1.609,1.056
0.25,3.0,303,fcfs,500,505.23,1751.837,4130.058,4418.38,0,1.0,1.0,1.0
0.25,3.0,303,pure_ltr,500,371.945,1708.195,4108.482,8817.843,4,1.358,1.026,0.995
0.25,3.0,303,ltr_aging,500,388.074,1931.484,3993.535,7202.389,1,1.302,0.907,0.967
0.25,3.0,303,tail_safe,500,468.654,1831.97,4135.484,4472.38,0,1.078,0.956,1.001
0.25,3.0,303,gated_hybrid,500,356.868,1647.547,3780.552,4978.413,0,1.416,1.063,0.915
0.25,4.0,303,fcfs,500,2527.218,6920.561,8420.98,8603.829,98,1.0,1.0,1.0
0.25,4.0,303,pure_ltr,500,2242.075,15400.371,40153.187,45689.223,42,1.127,0.449,4.768
0.25,4.0,303,ltr_aging,500,2311.843,8519.165,35520.236,42327.986,55,1.093,0.812,4.218
0.25,4.0,303,tail_safe,500,2331.12,7044.323,13554.354,15369.192,84,1.084,0.982,1.61
0.25,4.0,303,gated_hybrid,500,1687.719,7487.741,12385.853,16012.913,52,1.497,0.924,1.471
0.25,5.0,303,fcfs,500,8829.211,18596.324,19272.165,19912.059,339,1.0,1.0,1.0
0.25,5.0,303,pure_ltr,500,7753.721,56289.907,84159.394,91445.434,102,1.139,0.33,4.367
0.25,5.0,303,ltr_aging,500,8628.309,44279.12,84683.843,95696.282,198,1.023,0.42,4.394
0.25,5.0,303,tail_safe,500,8165.874,18340.962,33785.684,35036.226,301,1.081,1.014,1.753
0.25,5.0,303,gated_hybrid,500,6182.077,21943.539,32921.826,34295.942,212,1.428,0.847,1.708
0.25,2.0,404,fcfs,500,272.898,1240.902,1967.124,2248.47,0,1.0,1.0,1.0
0.25,2.0,404,pure_ltr,500,222.225,1008.473,2430.211,3937.263,0,1.228,1.23,1.235
0.25,2.0,404,ltr_aging,500,226.642,1095.612,2212.45,3670.418,0,1.204,1.133,1.125
0.25,2.0,404,tail_safe,500,246.954,1215.655,1912.056,4299.924,0,1.105,1.021,0.972
0.25,2.0,404,gated_hybrid,500,202.548,928.114,1763.385,4658.264,0,1.347,1.337,0.896
0.25,3.0,404,fcfs,500,586.897,2469.986,3139.523,3710.094,0,1.0,1.0,1.0
0.25,3.0,404,pure_ltr,500,749.659,2412.713,16266.421,21721.238,14,0.783,1.024,5.181
0.25,3.0,404,ltr_aging,500,739.388,2242.944,15301.241,21559.198,13,0.794,1.101,4.874
0.25,3.0,404,tail_safe,500,530.255,2264.704,3082.58,5548.72,2,1.107,1.091,0.982
0.25,3.0,404,gated_hybrid,500,422.794,1892.829,3716.617,5457.236,2,1.388,1.305,1.184
0.25,4.0,404,fcfs,500,1787.435,4940.697,5942.736,6998.349,21,1.0,1.0,1.0
0.25,4.0,404,pure_ltr,500,1527.288,8222.983,20839.612,23417.596,43,1.17,0.601,3.507
0.25,4.0,404,ltr_aging,500,1592.023,6943.619,16956.344,22858.296,39,1.123,0.712,2.853
0.25,4.0,404,tail_safe,500,1633.186,4813.7,7540.617,11538.554,23,1.094,1.026,1.269
0.25,4.0,404,gated_hybrid,500,1186.215,4859.586,8373.827,13044.631,25,1.507,1.017,1.409
0.25,5.0,404,fcfs,500,11881.199,19373.236,20705.332,20957.214,449,1.0,1.0,1.0
0.25,5.0,404,pure_ltr,500,12046.868,84156.18,104752.608,115952.001,118,0.986,0.23,5.059
0.25,5.0,404,ltr_aging,500,12497.412,68786.77,95975.18,112268.591,235,0.951,0.282,4.635
0.25,5.0,404,tail_safe,500,10920.217,23930.221,33916.831,37809.172,378,1.088,0.81,1.638
0.25,5.0,404,gated_hybrid,500,8008.313,27820.704,34554.32,36485.392,251,1.484,0.696,1.669
0.25,2.0,505,fcfs,500,173.519,801.553,1023.898,1432.82,0,1.0,1.0,1.0
0.25,2.0,505,pure_ltr,500,158.308,712.814,1492.511,2120.839,0,1.096,1.124,1.458
0.25,2.0,505,ltr_aging,500,162.264,850.046,1400.979,2064.399,0,1.069,0.943,1.368
0.25,2.0,505,tail_safe,500,165.219,771.76,1220.205,2120.839,0,1.05,1.039,1.192
0.25,2.0,505,gated_hybrid,500,151.919,705.88,1274.928,2120.839,0,1.142,1.136,1.245
0.25,3.0,505,fcfs,500,381.691,1281.526,2590.748,2848.932,0,1.0,1.0,1.0
0.25,3.0,505,pure_ltr,500,304.345,1211.428,2263.39,6982.356,3,1.254,1.058,0.874
0.25,3.0,505,ltr_aging,500,312.51,1210.811,2589.472,6937.886,2,1.221,1.058,1.0
0.25,3.0,505,tail_safe,500,350.735,1307.809,2301.317,5924.934,2,1.088,0.98,0.888
0.25,3.0,505,gated_hybrid,500,273.156,977.155,1943.227,5186.774,2,1.397,1.311,0.75
0.25,4.0,505,fcfs,500,1505.516,4813.263,5297.266,5670.576,16,1.0,1.0,1.0
0.25,4.0,505,pure_ltr,500,1877.696,8649.484,36158.938,55446.562,33,0.802,0.556,6.826
0.25,4.0,505,ltr_aging,500,1641.93,6465.649,25666.335,43548.762,35,0.917,0.744,4.845
0.25,4.0,505,tail_safe,500,1366.756,4649.858,5665.893,10489.906,18,1.102,1.035,1.07
0.25,4.0,505,gated_hybrid,500,990.843,4035.283,7055.204,11410.926,19,1.519,1.193,1.332
0.25,5.0,505,fcfs,500,7035.433,12832.819,13278.556,13491.523,295,1.0,1.0,1.0
0.25,5.0,505,pure_ltr,500,8151.741,63193.178,94088.846,101950.546,89,0.863,0.203,7.086
0.25,5.0,505,ltr_aging,500,7494.062,41201.914,81744.077,96079.711,163,0.939,0.311,6.156
0.25,5.0,505,tail_safe,500,6444.899,12399.36,23282.481,26105.752,258,1.092,1.035,1.753
0.25,5.0,505,gated_hybrid,500,4666.977,15558.595,24156.815,28696.749,167,1.507,0.825,1.819
0.25,2.0,606,fcfs,500,247.918,1003.813,1498.215,1804.39,0,1.0,1.0,1.0
0.25,2.0,606,pure_ltr,500,232.28,1143.489,1925.942,3084.462,0,1.067,0.878,1.285
0.25,2.0,606,ltr_aging,500,230.809,1061.335,1681.19,3084.462,0,1.074,0.946,1.122
0.25,2.0,606,tail_safe,500,234.484,1003.813,1417.467,2041.08,0,1.057,1.0,0.946
0.25,2.0,606,gated_hybrid,500,207.544,957.555,1339.92,2041.08,0,1.195,1.048,0.894
0.25,3.0,606,fcfs,500,753.879,2255.081,2688.819,3228.286,0,1.0,1.0,1.0
0.25,3.0,606,pure_ltr,500,680.629,2370.03,10302.393,15432.25,10,1.108,0.951,3.832
0.25,3.0,606,ltr_aging,500,693.587,2410.301,8060.086,15432.25,9,1.087,0.936,2.998
0.25,3.0,606,tail_safe,500,699.591,2403.705,3091.636,4730.478,0,1.078,0.938,1.15
0.25,3.0,606,gated_hybrid,500,533.224,2235.436,3791.368,4832.583,0,1.414,1.009,1.41
0.25,4.0,606,fcfs,500,3099.091,6334.586,7520.294,8188.971,99,1.0,1.0,1.0
0.25,4.0,606,pure_ltr,500,2953.708,18085.665,35322.021,63798.283,57,1.049,0.35,4.697
0.25,4.0,606,ltr_aging,500,2954.049,16256.609,33190.612,58798.618,67,1.049,0.39,4.413
0.25,4.0,606,tail_safe,500,2791.232,6769.334,10127.903,13864.402,92,1.11,0.936,1.347
0.25,4.0,606,gated_hybrid,500,1930.027,7228.883,9915.142,14811.469,57,1.606,0.876,1.318
0.25,5.0,606,fcfs,500,11634.454,27750.552,28757.704,29467.369,361,1.0,1.0,1.0
0.25,5.0,606,pure_ltr,500,10865.254,82372.946,116566.498,122707.375,103,1.071,0.337,4.053
0.25,5.0,606,ltr_aging,500,11376.605,66973.867,113267.418,121237.425,187,1.023,0.414,3.939
0.25,5.0,606,tail_safe,500,10523.052,26964.054,41346.8,54745.911,318,1.106,1.029,1.438
0.25,5.0,606,gated_hybrid,500,7282.373,28970.542,41945.722,43801.051,207,1.598,0.958,1.459
0.25,2.0,707,fcfs,500,348.164,1959.568,2715.757,3420.75,0,1.0,1.0,1.0
0.25,2.0,707,pure_ltr,500,275.578,1300.441,3906.005,5283.192,3,1.263,1.507,1.438
0.25,2.0,707,ltr_aging,500,287.456,1364.76,2901.514,5237.837,2,1.211,1.436,1.068
0.25,2.0,707,tail_safe,500,334.336,1806.239,2900.209,5606.47,1,1.041,1.085,1.068
0.25,2.0,707,gated_hybrid,500,271.081,1348.919,2931.6,4509.342,0,1.284,1.453,1.079
0.25,3.0,707,fcfs,500,1162.435,3577.204,4759.761,4916.834,0,1.0,1.0,1.0
0.25,3.0,707,pure_ltr,500,1342.259,3846.566,33438.733,38772.215,22,0.866,0.93,7.025
0.25,3.0,707,ltr_aging,500,1182.293,4315.898,23800.683,34886.215,19,0.983,0.829,5.0
0.25,3.0,707,tail_safe,500,1106.09,3733.154,6979.804,8518.954,9,1.051,0.958,1.466
0.25,3.0,707,gated_hybrid,500,848.291,3934.776,6743.708,8751.244,12,1.37,0.909,1.417
0.25,4.0,707,fcfs,500,4090.565,7948.527,8811.471,8994.909,159,1.0,1.0,1.0
0.25,4.0,707,pure_ltr,500,5269.412,36121.998,87101.018,104595.068,67,0.776,0.22,9.885
0.25,4.0,707,ltr_aging,500,4513.945,21842.334,55291.045,86417.139,91,0.906,0.364,6.275
0.25,4.0,707,tail_safe,500,3822.539,8024.336,15279.521,16740.542,142,1.07,0.991,1.734
0.25,4.0,707,gated_hybrid,500,2892.367,10061.144,13432.66,16530.694,103,1.414,0.79,1.524
0.25,5.0,707,fcfs,500,16803.537,31551.02,32075.026,32270.315,456,1.0,1.0,1.0
0.25,5.0,707,pure_ltr,500,13689.81,90498.144,119362.344,123695.119,114,1.227,0.349,3.721
0.25,5.0,707,ltr_aging,500,15336.228,73406.037,110642.267,122036.749,283,1.096,0.43,3.449
0.25,5.0,707,tail_safe,500,15857.129,36139.912,53657.638,59099.492,409,1.06,0.873,1.673
0.25,5.0,707,gated_hybrid,500,11806.831,41448.079,46712.713,52277.992,308,1.423,0.761,1.456
0.5,2.0,42,fcfs,500,205.043,1182.008,1874.668,2140.617,0,1.0,1.0,1.0
0.5,2.0,42,pure_ltr,500,196.752,1029.57,2584.904,5028.921,1,1.042,1.148,1.379
0.5,2.0,42,ltr_aging,500,197.204,1052.493,2584.904,5028.921,1,1.04,1.123,1.379
0.5,2.0,42,tail_safe,500,181.858,1052.898,2104.671,3346.511,0,1.127,1.123,1.123
0.5,2.0,42,gated_hybrid,500,174.961,1093.934,2104.671,3346.511,0,1.172,1.081,1.123
0.5,3.0,42,fcfs,500,299.953,1296.524,1755.437,2353.55,0,1.0,1.0,1.0
0.5,3.0,42,pure_ltr,500,287.275,1139.144,3538.633,6076.75,2,1.044,1.138,2.016
0.5,3.0,42,ltr_aging,500,287.133,1139.144,3538.633,6022.45,2,1.045,1.138,2.016
0.5,3.0,42,tail_safe,500,268.125,959.982,2446.569,3406.522,0,1.119,1.351,1.394
0.5,3.0,42,gated_hybrid,500,250.063,1018.425,2155.323,3697.015,0,1.2,1.273,1.228
0.5,4.0,42,fcfs,500,684.546,2372.803,3088.895,3823.293,0,1.0,1.0,1.0
0.5,4.0,42,pure_ltr,500,698.716,3608.187,9203.999,17236.93,16,0.98,0.658,2.98
0.5,4.0,42,ltr_aging,500,698.514,3552.121,7920.653,11603.43,17,0.98,0.668,2.564
0.5,4.0,42,tail_safe,500,580.052,2145.011,4734.347,6312.192,5,1.18,1.106,1.533
0.5,4.0,42,gated_hybrid,500,503.288,2170.804,4175.835,5112.346,1,1.36,1.093,1.352
0.5,5.0,42,fcfs,500,4235.908,9849.023,10139.289,10550.488,176,1.0,1.0,1.0
0.5,5.0,42,pure_ltr,500,4632.327,31371.877,50256.059,61047.017,86,0.914,0.314,4.957
0.5,5.0,42,ltr_aging,500,4579.562,26254.211,40378.04,47081.997,103,0.925,0.375,3.982
0.5,5.0,42,tail_safe,500,3576.926,11568.742,17729.962,18715.393,130,1.184,0.851,1.749
0.5,5.0,42,gated_hybrid,500,2959.417,12789.946,16745.159,18377.524,109,1.431,0.77,1.652
0.5,2.0,6806,fcfs,500,105.576,546.869,1228.29,1771.923,0,1.0,1.0,1.0
0.5,2.0,6806,pure_ltr,500,107.405,564.251,1383.451,1862.751,0,0.983,0.969,1.126
0.5,2.0,6806,ltr_aging,500,105.836,533.502,1383.451,1862.751,0,0.998,1.025,1.126
0.5,2.0,6806,tail_safe,500,95.213,470.978,1095.077,1771.923,0,1.109,1.161,0.892
0.5,2.0,6806,gated_hybrid,500,93.866,489.104,980.999,1659.419,0,1.125,1.118,0.799
0.5,3.0,6806,fcfs,500,236.019,934.6,1797.509,2385.686,0,1.0,1.0,1.0
0.5,3.0,6806,pure_ltr,500,239.52,1132.895,2349.515,5428.674,1,0.985,0.825,1.307
0.5,3.0,6806,ltr_aging,500,239.267,1130.394,2349.515,5428.674,1,0.986,0.827,1.307
0.5,3.0,6806,tail_safe,500,194.08,844.267,1456.166,2202.659,0,1.216,1.107,0.81
0.5,3.0,6806,gated_hybrid,500,182.921,844.267,1522.212,2184.108,0,1.29,1.107,0.847
0.5,4.0,6806,fcfs,500,676.45,2414.803,2628.196,2797.977,0,1.0,1.0,1.0
0.5,4.0,6806,pure_ltr,500,654.119,3631.873,8886.824,13799.693,17,1.034,0.665,3.381
0.5,4.0,6806,ltr_aging,500,666.258,3414.048,8939.668,10407.689,16,1.015,0.707,3.401
0.5,4.0,6806,tail_safe,500,560.137,2234.565,4096.429,5978.355,4,1.208,1.081,1.559
0.5,4.0,6806,gated_hybrid,500,439.729,2084.709,4048.764,7190.145,4,1.538,1.158,1.541
0.5,5.0,6806,fcfs,500,2013.844,4879.428,5321.656,5623.424,19,1.0,1.0,1.0
0.5,5.0,6806,pure_ltr,500,2483.631,17404.876,34251.794,39645.784,62,0.811,0.28,6.436
0.5,5.0,6806,ltr_aging,500,2426.728,14880.942,24618.986,36429.788,64,0.83,0.328,4.626
0.5,5.0,6806,tail_safe,500,1573.514,4629.712,8258.765,9387.229,24,1.28,1.054,1.552
0.5,5.0,6806,gated_hybrid,500,1278.997,5534.583,8715.892,11497.509,31,1.575,0.882,1.638
0.5,2.0,20260709,fcfs,500,139.293,700.015,1392.723,2087.534,0,1.0,1.0,1.0
0.5,2.0,20260709,pure_ltr,500,141.705,658.308,2186.889,3394.276,0,0.983,1.063,1.57
0.5,2.0,20260709,ltr_aging,500,142.039,675.911,1740.54,3394.276,0,0.981,1.036,1.25
0.5,2.0,20260709,tail_safe,500,125.871,649.35,1413.46,2519.505,0,1.107,1.078,1.015
0.5,2.0,20260709,gated_hybrid,500,121.863,640.621,1413.808,2874.235,0,1.143,1.093,1.015
0.5,3.0,20260709,fcfs,500,315.671,1262.341,1770.554,2307.325,0,1.0,1.0,1.0
0.5,3.0,20260709,pure_ltr,500,327.144,1569.273,4852.637,6809.252,4,0.965,0.804,2.741
0.5,3.0,20260709,ltr_aging,500,344.874,1674.752,3555.458,5824.812,2,0.915,0.754,2.008
0.5,3.0,20260709,tail_safe,500,273.151,996.072,2594.207,4439.704,0,1.156,1.267,1.465
0.5,3.0,20260709,gated_hybrid,500,264.764,1043.634,2240.487,4487.134,0,1.192,1.21,1.265
0.5,4.0,20260709,fcfs,500,497.205,2153.385,2716.504,3054.533,0,1.0,1.0,1.0
0.5,4.0,20260709,pure_ltr,500,515.773,3393.011,5446.535,10806.913,7,0.964,0.635,2.005
0.5,4.0,20260709,ltr_aging,500,517.12,2691.048,4988.256,9068.403,5,0.961,0.8,1.836
0.5,4.0,20260709,tail_safe,500,429.55,1944.602,3442.489,6377.042,4,1.158,1.107,1.267
0.5,4.0,20260709,gated_hybrid,500,371.398,1724.789,3555.502,5423.33,4,1.339,1.248,1.309
0.5,5.0,20260709,fcfs,500,2178.233,3831.306,4160.861,4249.153,0,1.0,1.0,1.0
0.5,5.0,20260709,pure_ltr,500,2702.505,17408.71,31490.211,35038.55,68,0.806,0.22,7.568
0.5,5.0,20260709,ltr_aging,500,2664.341,16444.787,25731.226,34025.31,75,0.818,0.233,6.184
0.5,5.0,20260709,tail_safe,500,1780.697,6055.926,7418.131,8842.361,39,1.223,0.633,1.783
0.5,5.0,20260709,gated_hybrid,500,1488.721,6071.348,7952.029,8955.897,38,1.463,0.631,1.911
0.5,2.0,101,fcfs,500,106.994,580.552,1086.131,1730.929,0,1.0,1.0,1.0
0.5,2.0,101,pure_ltr,500,112.882,556.948,1304.817,3374.096,0,0.948,1.042,1.201
0.5,2.0,101,ltr_aging,500,112.818,576.752,1304.817,3374.096,0,0.948,1.007,1.201
0.5,2.0,101,tail_safe,500,101.867,541.782,920.734,2870.98,0,1.05,1.072,0.848
0.5,2.0,101,gated_hybrid,500,99.17,552.861,832.703,2870.98,0,1.079,1.05,0.767
0.5,3.0,101,fcfs,500,274.945,1412.601,1945.294,2825.486,0,1.0,1.0,1.0
0.5,3.0,101,pure_ltr,500,282.962,965.702,3552.174,10396.451,4,0.972,1.463,1.826
0.5,3.0,101,ltr_aging,500,282.549,1027.628,2852.005,10113.951,4,0.973,1.375,1.466
0.5,3.0,101,tail_safe,500,247.513,1184.444,3267.746,5044.328,1,1.111,1.193,1.68
0.5,3.0,101,gated_hybrid,500,214.218,909.013,2822.612,5011.321,1,1.283,1.554,1.451
0.5,4.0,101,fcfs,500,1426.832,4869.989,6698.079,7275.367,21,1.0,1.0,1.0
0.5,4.0,101,pure_ltr,500,1409.273,4878.703,29425.57,38877.445,25,1.012,0.998,4.393
0.5,4.0,101,ltr_aging,500,1392.389,5655.82,28360.59,37800.055,26,1.025,0.861,4.234
0.5,4.0,101,tail_safe,500,1186.202,4550.301,9462.614,11093.418,23,1.203,1.07,1.413
0.5,4.0,101,gated_hybrid,500,994.784,5623.133,9838.588,10655.435,29,1.434,0.866,1.469
0.5,5.0,101,fcfs,500,1890.471,5922.666,6575.64,6935.867,48,1.0,1.0,1.0
0.5,5.0,101,pure_ltr,500,2085.153,9686.069,28601.36,38088.939,45,0.907,0.611,4.35
0.5,5.0,101,ltr_aging,500,2149.87,8684.991,24590.622,36157.389,59,0.879,0.682,3.74
0.5,5.0,101,tail_safe,500,1533.32,5625.63,10744.446,13209.041,43,1.233,1.053,1.634
0.5,5.0,101,gated_hybrid,500,1259.585,5469.164,9170.102,14047.159,30,1.501,1.083,1.395
0.5,2.0,202,fcfs,500,132.263,723.181,1291.497,1983.775,0,1.0,1.0,1.0
0.5,2.0,202,pure_ltr,500,130.276,643.463,1551.11,3014.889,0,1.015,1.124,1.201
0.5,2.0,202,ltr_aging,500,127.753,643.463,1551.11,2063.521,0,1.035,1.124,1.201
0.5,2.0,202,tail_safe,500,119.439,641.785,1200.832,2519.496,0,1.107,1.127,0.93
0.5,2.0,202,gated_hybrid,500,111.678,563.084,1321.127,2519.496,0,1.184,1.284,1.023
0.5,3.0,202,fcfs,500,226.036,1039.107,1363.107,2167.187,0,1.0,1.0,1.0
0.5,3.0,202,pure_ltr,500,214.228,923.528,2493.967,4204.127,0,1.055,1.125,1.83
0.5,3.0,202,ltr_aging,500,217.547,954.64,2493.967,4123.537,0,1.039,1.088,1.83
0.5,3.0,202,tail_safe,500,196.389,951.519,1636.495,4056.714,0,1.151,1.092,1.201
0.5,3.0,202,gated_hybrid,500,189.284,818.381,1636.495,4056.714,0,1.194,1.27,1.201
0.5,4.0,202,fcfs,500,714.268,2471.392,3205.524,3449.728,0,1.0,1.0,1.0
0.5,4.0,202,pure_ltr,500,686.476,3248.19,9893.086,10763.005,14,1.04,0.761,3.086
0.5,4.0,202,ltr_aging,500,685.876,3092.463,9291.598,10709.235,11,1.041,0.799,2.899
0.5,4.0,202,tail_safe,500,587.445,2416.921,4249.608,6669.092,2,1.216,1.023,1.326
0.5,4.0,202,gated_hybrid,500,484.237,2325.162,3886.605,6113.362,2,1.475,1.063,1.212
0.5,5.0,202,fcfs,500,1452.629,3885.664,4348.482,4661.069,0,1.0,1.0,1.0
0.5,5.0,202,pure_ltr,500,1533.351,8715.824,16746.361,26114.798,46,0.947,0.446,3.851
0.5,5.0,202,ltr_aging,500,1537.064,7389.04,16060.297,24165.758,38,0.945,0.526,3.693
0.5,5.0,202,tail_safe,500,1210.204,3888.905,7892.055,9195.494,19,1.2,0.999,1.815
0.5,5.0,202,gated_hybrid,500,981.161,4198.707,7460.544,8923.825,19,1.481,0.925,1.716
0.5,2.0,303,fcfs,500,86.035,449.169,698.544,1209.99,0,1.0,1.0,1.0
0.5,2.0,303,pure_ltr,500,81.995,437.636,807.069,1228.768,0,1.049,1.026,1.155
0.5,2.0,303,ltr_aging,500,81.995,437.636,807.069,1228.768,0,1.049,1.026,1.155
0.5,2.0,303,tail_safe,500,80.649,434.793,698.089,1092.243,0,1.067,1.033,0.999
0.5,2.0,303,gated_hybrid,500,77.623,408.565,660.058,1228.768,0,1.108,1.099,0.945
0.5,3.0,303,fcfs,500,191.363,906.794,1096.545,1511.848,0,1.0,1.0,1.0
0.5,3.0,303,pure_ltr,500,182.11,859.513,1588.1,2588.25,0,1.051,1.055,1.448
0.5,3.0,303,ltr_aging,500,183.398,893.755,1588.1,2577.402,0,1.043,1.015,1.448
0.5,3.0,303,tail_safe,500,166.122,767.796,1399.257,2588.25,0,1.152,1.181,1.276
0.5,3.0,303,gated_hybrid,500,153.84,716.11,1398.731,1995.09,0,1.244,1.266,1.276
0.5,4.0,303,fcfs,500,529.121,1896.132,2280.318,2700.246,0,1.0,1.0,1.0
0.5,4.0,303,pure_ltr,500,532.23,3000.983,5649.961,7973.14,11,0.994,0.632,2.478
0.5,4.0,303,ltr_aging,500,539.908,2818.731,5539.184,7973.14,9,0.98,0.673,2.429
0.5,4.0,303,tail_safe,500,441.319,1906.704,2887.799,5306.833,1,1.199,0.994,1.266
0.5,4.0,303,gated_hybrid,500,381.85,1630.34,3110.51,5380.153,1,1.386,1.163,1.364
0.5,5.0,303,fcfs,500,1864.511,3783.158,4600.268,4920.866,0,1.0,1.0,1.0
0.5,5.0,303,pure_ltr,500,2036.759,12711.51,22833.619,39024.45,60,0.915,0.298,4.964
0.5,5.0,303,ltr_aging,500,1976.587,11436.766,16885.808,25606.987,62,0.943,0.331,3.671
0.5,5.0,303,tail_safe,500,1512.221,5872.559,7343.041,9627.73,31,1.233,0.644,1.596
0.5,5.0,303,gated_hybrid,500,1186.818,5529.645,7166.211,9152.505,36,1.571,0.684,1.558
0.5,2.0,404,fcfs,500,141.309,808.365,1256.205,1483.371,0,1.0,1.0,1.0
0.5,2.0,404,pure_ltr,500,152.669,847.175,1652.283,4685.157,0,0.926,0.954,1.315
0.5,2.0,404,ltr_aging,500,151.964,868.398,1642.002,4305.357,0,0.93,0.931,1.307
0.5,2.0,404,tail_safe,500,124.455,699.889,1256.251,1772.06,0,1.135,1.155,1.0
0.5,2.0,404,gated_hybrid,500,116.235,589.265,1262.349,1772.06,0,1.216,1.372,1.005
0.5,3.0,404,fcfs,500,276.24,1204.342,2112.89,2392.844,0,1.0,1.0,1.0
0.5,3.0,404,pure_ltr,500,260.905,1217.272,3068.985,7775.622,1,1.059,0.989,1.453
0.5,3.0,404,ltr_aging,500,277.946,1240.749,3104.084,7775.622,1,0.994,0.971,1.469
0.5,3.0,404,tail_safe,500,240.326,1110.058,2180.441,3235.356,0,1.149,1.085,1.032
0.5,3.0,404,gated_hybrid,500,209.975,881.859,2574.939,3164.748,0,1.316,1.366,1.219
0.5,4.0,404,fcfs,500,629.206,1937.238,2210.983,2452.752,0,1.0,1.0,1.0
0.5,4.0,404,pure_ltr,500,642.492,3235.169,6609.957,9419.691,11,0.979,0.599,2.99
0.5,4.0,404,ltr_aging,500,629.493,2900.955,5765.218,7943.249,8,1.0,0.668,2.608
0.5,4.0,404,tail_safe,500,539.039,1929.934,3797.53,5845.945,2,1.167,1.004,1.718
0.5,4.0,404,gated_hybrid,500,441.924,1853.238,3893.01,5501.971,2,1.424,1.045,1.761
0.5,5.0,404,fcfs,500,2178.536,4554.07,5218.334,5592.09,12,1.0,1.0,1.0
0.5,5.0,404,pure_ltr,500,2875.179,16198.754,34895.967,43657.415,82,0.758,0.281,6.687
0.5,5.0,404,ltr_aging,500,2747.949,13570.856,25034.911,30917.077,89,0.793,0.336,4.797
0.5,5.0,404,tail_safe,500,1742.869,5584.758,7623.186,8804.781,40,1.25,0.815,1.461
0.5,5.0,404,gated_hybrid,500,1415.858,5743.882,7112.548,7525.23,43,1.539,0.793,1.363
0.5,2.0,505,fcfs,500,121.656,626.187,1257.281,1528.627,0,1.0,1.0,1.0
0.5,2.0,505,pure_ltr,500,114.827,559.03,1357.108,2077.733,0,1.059,1.12,1.079
0.5,2.0,505,ltr_aging,500,113.798,587.728,1300.317,2077.733,0,1.069,1.065,1.034
0.5,2.0,505,tail_safe,500,109.12,529.971,1155.186,2046.339,0,1.115,1.182,0.919
0.5,2.0,505,gated_hybrid,500,103.338,507.442,1146.647,2107.489,0,1.177,1.234,0.912
0.5,3.0,505,fcfs,500,224.389,961.582,1197.922,1512.232,0,1.0,1.0,1.0
0.5,3.0,505,pure_ltr,500,221.067,1176.398,1879.477,2552.489,0,1.015,0.817,1.569
0.5,3.0,505,ltr_aging,500,218.462,1096.748,1805.989,2388.152,0,1.027,0.877,1.508
0.5,3.0,505,tail_safe,500,200.533,882.524,1609.88,2385.587,0,1.119,1.09,1.344
0.5,3.0,505,gated_hybrid,500,190.473,855.305,1569.322,2385.587,0,1.178,1.124,1.31
0.5,4.0,505,fcfs,500,462.466,1436.074,1909.912,2416.875,0,1.0,1.0,1.0
0.5,4.0,505,pure_ltr,500,485.81,1995.344,5130.236,10194.692,8,0.952,0.72,2.686
0.5,4.0,505,ltr_aging,500,478.691,1930.952,4973.791,9729.242,5,0.966,0.744,2.604
0.5,4.0,505,tail_safe,500,400.82,1840.474,3478.025,4044.376,0,1.154,0.78,1.821
0.5,4.0,505,gated_hybrid,500,359.553,1657.262,2991.009,3957.259,0,1.286,0.867,1.566
0.5,5.0,505,fcfs,500,1116.028,2843.939,3805.011,4044.482,0,1.0,1.0,1.0
0.5,5.0,505,pure_ltr,500,1277.894,7058.131,12818.38,25584.4,39,0.873,0.403,3.369
0.5,5.0,505,ltr_aging,500,1238.624,6432.127,12734.597,23695.97,36,0.901,0.442,3.347
0.5,5.0,505,tail_safe,500,932.701,3695.062,6323.812,7208.491,9,1.197,0.77,1.662
0.5,5.0,505,gated_hybrid,500,770.631,3579.792,5419.32,7244.855,8,1.448,0.794,1.424
0.5,2.0,606,fcfs,500,190.666,901.543,1713.265,2082.477,0,1.0,1.0,1.0
0.5,2.0,606,pure_ltr,500,172.093,950.573,1614.361,2628.527,0,1.108,0.948,0.942
0.5,2.0,606,ltr_aging,500,171.983,950.573,1614.361,2628.527,0,1.109,0.948,0.942
0.5,2.0,606,tail_safe,500,173.775,856.024,1808.497,2578.198,0,1.097,1.053,1.056
0.5,2.0,606,gated_hybrid,500,157.738,831.62,1615.401,2578.198,0,1.209,1.084,0.943
0.5,3.0,606,fcfs,500,450.674,1664.937,2035.005,2870.268,0,1.0,1.0,1.0
0.5,3.0,606,pure_ltr,500,439.421,1740.692,5508.798,9313.84,6,1.026,0.956,2.707
0.5,3.0,606,ltr_aging,500,433.973,1796.303,4544.922,9259.46,5,1.038,0.927,2.233
0.5,3.0,606,tail_safe,500,405.293,1668.685,3699.751,5050.82,1,1.112,0.998,1.818
0.5,3.0,606,gated_hybrid,500,363.037,1412.395,2948.88,5884.116,2,1.241,1.179,1.449
0.5,4.0,606,fcfs,500,1353.846,4211.928,4742.16,5291.097,1,1.0,1.0,1.0
0.5,4.0,606,pure_ltr,500,1391.496,7529.331,17172.084,39590.837,38,0.973,0.559,3.621
0.5,4.0,606,ltr_aging,500,1451.074,7543.579,15625.623,18880.473,41,0.933,0.558,3.295
0.5,4.0,606,tail_safe,500,1126.264,4334.779,6928.177,8133.33,20,1.202,0.972,1.461
0.5,4.0,606,gated_hybrid,500,945.056,4021.91,7163.913,9462.897,20,1.433,1.047,1.511
0.5,5.0,606,fcfs,500,3636.916,9904.693,11057.834,11399.799,112,1.0,1.0,1.0
0.5,5.0,606,pure_ltr,500,3749.747,23178.902,36392.564,40285.438,89,0.97,0.427,3.291
0.5,5.0,606,ltr_aging,500,3867.621,20052.063,35671.982,39208.608,107,0.94,0.494,3.226
0.5,5.0,606,tail_safe,500,3004.697,9312.34,18551.724,21739.672,98,1.21,1.064,1.678
0.5,5.0,606,gated_hybrid,500,2452.347,10100.866,18898.368,19905.462,78,1.483,0.981,1.709
0.5,2.0,707,fcfs,500,134.88,808.343,1404.511,1664.164,0,1.0,1.0,1.0
0.5,2.0,707,pure_ltr,500,123.99,606.609,1541.526,3444.941,0,1.088,1.333,1.098
0.5,2.0,707,ltr_aging,500,125.379,606.609,1641.031,3088.168,0,1.076,1.333,1.168
0.5,2.0,707,tail_safe,500,126.313,618.863,1406.385,2615.369,0,1.068,1.306,1.001
0.5,2.0,707,gated_hybrid,500,121.038,606.609,1598.798,2696.199,0,1.114,1.333,1.138
0.5,3.0,707,fcfs,500,592.505,1831.264,2876.186,3134.599,0,1.0,1.0,1.0
0.5,3.0,707,pure_ltr,500,525.434,2440.739,5692.519,8628.171,9,1.128,0.75,1.979
0.5,3.0,707,ltr_aging,500,530.18,2420.174,4642.551,8311.351,5,1.118,0.757,1.614
0.5,3.0,707,tail_safe,500,517.021,2404.344,3944.11,5044.071,1,1.146,0.762,1.371
0.5,3.0,707,gated_hybrid,500,452.071,2427.403,3676.119,4544.81,0,1.311,0.754,1.278
0.5,4.0,707,fcfs,500,1129.698,4119.015,4837.339,5095.696,2,1.0,1.0,1.0
0.5,4.0,707,pure_ltr,500,932.534,4687.578,13238.404,21449.204,24,1.211,0.879,2.737
0.5,4.0,707,ltr_aging,500,974.388,4729.058,11300.872,18708.034,22,1.159,0.871,2.336
0.5,4.0,707,tail_safe,500,1006.217,4206.38,6223.041,10474.765,16,1.123,0.979,1.286
0.5,4.0,707,gated_hybrid,500,852.407,4448.053,6536.888,10027.785,19,1.325,0.926,1.351
0.5,5.0,707,fcfs,500,5550.509,10395.194,11333.315,11813.775,284,1.0,1.0,1.0
0.5,5.0,707,pure_ltr,500,7509.786,51447.513,95245.845,102511.599,102,0.739,0.202,8.404
0.5,5.0,707,ltr_aging,500,6815.626,36075.926,63272.335,91917.327,124,0.814,0.288,5.583
0.5,5.0,707,tail_safe,500,4717.31,13079.837,19059.023,21126.409,186,1.177,0.795,1.682
0.5,5.0,707,gated_hybrid,500,3896.335,14092.416,18717.317,20242.979,143,1.425,0.738,1.652
0.75,2.0,42,fcfs,500,73.731,446.16,935.232,1235.08,0,1.0,1.0,1.0
0.75,2.0,42,pure_ltr,500,72.211,354.442,1158.012,1975.329,0,1.021,1.259,1.238
0.75,2.0,42,ltr_aging,500,71.712,354.442,1158.012,1975.329,0,1.028,1.259,1.238
0.75,2.0,42,tail_safe,500,69.014,352.82,950.267,2022.34,0,1.068,1.265,1.016
0.75,2.0,42,gated_hybrid,500,67.52,352.82,950.267,2022.34,0,1.092,1.265,1.016
0.75,3.0,42,fcfs,500,178.3,742.111,1718.267,2323.934,0,1.0,1.0,1.0
0.75,3.0,42,pure_ltr,500,176.612,769.725,1730.085,4665.15,0,1.01,0.964,1.007
0.75,3.0,42,ltr_aging,500,174.455,761.696,1729.342,4429.17,0,1.022,0.974,1.006
0.75,3.0,42,tail_safe,500,136.766,592.958,1317.785,2023.769,0,1.304,1.252,0.767
0.75,3.0,42,gated_hybrid,500,137.196,593.863,1240.217,2023.769,0,1.3,1.25,0.722
0.75,4.0,42,fcfs,500,272.937,1111.079,2052.057,2505.914,0,1.0,1.0,1.0
0.75,4.0,42,pure_ltr,500,262.951,1141.299,2921.92,3767.494,0,1.038,0.974,1.424
0.75,4.0,42,ltr_aging,500,259.485,1167.077,2720.012,3767.494,0,1.052,0.952,1.326
0.75,4.0,42,tail_safe,500,217.754,943.475,2112.72,2701.533,0,1.253,1.178,1.03
0.75,4.0,42,gated_hybrid,500,214.825,895.323,2279.512,2748.963,0,1.271,1.241,1.111
0.75,5.0,42,fcfs,500,1147.36,3354.736,3533.412,3740.023,0,1.0,1.0,1.0
0.75,5.0,42,pure_ltr,500,1300.571,5845.102,22022.625,26857.573,28,0.882,0.574,6.233
0.75,5.0,42,ltr_aging,500,1287.687,7045.958,18107.757,22967.227,31,0.891,0.476,5.125
0.75,5.0,42,tail_safe,500,840.461,4048.983,6514.871,7075.204,18,1.365,0.829,1.844
0.75,5.0,42,gated_hybrid,500,810.257,3943.472,6912.401,7567.381,18,1.416,0.851,1.956
0.75,2.0,6806,fcfs,500,70.427,394.467,905.35,1409.443,0,1.0,1.0,1.0
0.75,2.0,6806,pure_ltr,500,63.485,329.05,1003.224,1625.561,0,1.109,1.199,1.108
0.75,2.0,6806,ltr_aging,500,63.485,329.05,1003.224,1625.561,0,1.109,1.199,1.108
0.75,2.0,6806,tail_safe,500,61.69,329.733,997.331,1409.443,0,1.142,1.196,1.102
0.75,2.0,6806,gated_hybrid,500,59.811,321.974,988.473,1447.523,0,1.177,1.225,1.092
0.75,3.0,6806,fcfs,500,99.984,487.058,763.572,1198.038,0,1.0,1.0,1.0
0.75,3.0,6806,pure_ltr,500,101.689,500.517,1105.655,2952.607,0,0.983,0.973,1.448
0.75,3.0,6806,ltr_aging,500,101.63,500.517,1105.049,2839.457,0,0.984,0.973,1.447
0.75,3.0,6806,tail_safe,500,88.285,395.04,855.035,1983.0,0,1.133,1.233,1.12
0.75,3.0,6806,gated_hybrid,500,87.764,432.252,797.82,1983.0,0,1.139,1.127,1.045
0.75,4.0,6806,fcfs,500,267.676,1351.076,1839.991,1977.549,0,1.0,1.0,1.0
0.75,4.0,6806,pure_ltr,500,263.221,1122.069,3514.716,4766.201,0,1.017,1.204,1.91
0.75,4.0,6806,ltr_aging,500,264.289,1214.721,3462.42,4766.201,0,1.013,1.112,1.882
0.75,4.0,6806,tail_safe,500,211.378,973.87,2230.873,3514.331,0,1.266,1.387,1.212
0.75,4.0,6806,gated_hybrid,500,202.74,895.618,2324.297,3924.917,0,1.32,1.509,1.263
0.75,5.0,6806,fcfs,500,393.803,1384.202,1784.055,2461.174,0,1.0,1.0,1.0
0.75,5.0,6806,pure_ltr,500,425.16,1735.176,4722.49,12027.62,5,0.926,0.798,2.647
0.75,5.0,6806,ltr_aging,500,414.445,1999.665,4812.309,6632.712,5,0.95,0.692,2.697
0.75,5.0,6806,tail_safe,500,285.107,1329.546,2749.564,4110.361,0,1.381,1.041,1.541
0.75,5.0,6806,gated_hybrid,500,265.403,1176.742,2417.929,3476.514,0,1.484,1.176,1.355
0.75,2.0,20260709,fcfs,500,105.025,566.107,1388.845,2110.062,0,1.0,1.0,1.0
0.75,2.0,20260709,pure_ltr,500,114.017,601.354,2063.836,2722.328,0,0.921,0.941,1.486
0.75,2.0,20260709,ltr_aging,500,113.976,573.439,2070.95,2722.328,0,0.921,0.987,1.491
0.75,2.0,20260709,tail_safe,500,97.876,507.474,1371.922,2776.872,0,1.073,1.116,0.988
0.75,2.0,20260709,gated_hybrid,500,97.6,549.427,1371.922,2554.902,0,1.076,1.03,0.988
0.75,3.0,20260709,fcfs,500,156.481,822.556,1419.272,2460.78,0,1.0,1.0,1.0
0.75,3.0,20260709,pure_ltr,500,161.6,868.16,2106.965,3485.697,0,0.968,0.947,1.485
0.75,3.0,20260709,ltr_aging,500,162.636,864.305,2195.461,3485.697,0,0.962,0.952,1.547
0.75,3.0,20260709,tail_safe,500,136.319,706.423,1798.481,2814.02,0,1.148,1.164,1.267
0.75,3.0,20260709,gated_hybrid,500,133.605,677.167,1797.93,2814.02,0,1.171,1.215,1.267
0.75,4.0,20260709,fcfs,500,238.72,1167.403,1600.677,2056.749,0,1.0,1.0,1.0
0.75,4.0,20260709,pure_ltr,500,236.847,1313.1,2568.17,3368.474,0,1.008,0.889,1.604
0.75,4.0,20260709,ltr_aging,500,236.813,1322.851,2341.461,3368.474,0,1.008,0.882,1.463
0.75,4.0,20260709,tail_safe,500,195.12,1055.879,1888.2,2477.527,0,1.223,1.106,1.18
0.75,4.0,20260709,gated_hybrid,500,184.42,967.751,1888.2,2477.527,0,1.294,1.206,1.18
0.75,5.0,20260709,fcfs,500,590.824,1803.18,3636.344,4100.065,0,1.0,1.0,1.0
0.75,5.0,20260709,pure_ltr,500,604.999,2876.174,6896.252,14980.516,9,0.977,0.627,1.896
0.75,5.0,20260709,ltr_aging,500,599.867,2797.493,6730.983,10606.196,9,0.985,0.645,1.851
0.75,5.0,20260709,tail_safe,500,461.2,2237.648,5292.384,5554.11,6,1.281,0.806,1.455
0.75,5.0,20260709,gated_hybrid,500,412.93,1957.169,3796.936,5916.125,4,1.431,0.921,1.044
0.75,2.0,101,fcfs,500,57.874,344.492,688.679,1063.728,0,1.0,1.0,1.0
0.75,2.0,101,pure_ltr,500,61.41,315.261,727.495,2489.198,0,0.942,1.093,1.056
0.75,2.0,101,ltr_aging,500,61.414,324.488,727.495,2489.198,0,0.942,1.062,1.056
0.75,2.0,101,tail_safe,500,54.123,311.101,731.145,1728.798,0,1.069,1.107,1.062
0.75,2.0,101,gated_hybrid,500,54.854,314.877,731.145,1728.798,0,1.055,1.094,1.062
0.75,3.0,101,fcfs,500,99.42,532.558,858.728,1317.032,0,1.0,1.0,1.0
0.75,3.0,101,pure_ltr,500,93.76,526.062,956.574,2100.634,0,1.06,1.012,1.114
0.75,3.0,101,ltr_aging,500,93.76,526.062,956.574,2100.634,0,1.06,1.012,1.114
0.75,3.0,101,tail_safe,500,83.904,468.326,838.363,1317.032,0,1.185,1.137,0.976
0.75,3.0,101,gated_hybrid,500,85.199,488.103,838.363,1317.032,0,1.167,1.091,0.976
0.75,4.0,101,fcfs,500,277.33,1151.504,2426.043,2899.548,0,1.0,1.0,1.0
0.75,4.0,101,pure_ltr,500,306.425,1251.18,4694.402,5766.277,5,0.905,0.92,1.935
0.75,4.0,101,ltr_aging,500,300.049,1313.564,4354.784,5589.417,2,0.924,0.877,1.795
0.75,4.0,101,tail_safe,500,216.173,919.529,1925.026,5422.014,1,1.283,1.252,0.793
0.75,4.0,101,gated_hybrid,500,201.058,806.883,1574.508,4304.13,0,1.379,1.427,0.649
0.75,5.0,101,fcfs,500,361.113,1331.773,1704.65,2063.817,0,1.0,1.0,1.0
0.75,5.0,101,pure_ltr,500,396.85,1618.04,4684.848,5690.146,4,0.91,0.823,2.748
0.75,5.0,101,ltr_aging,500,396.534,1811.475,4169.61,5494.296,2,0.911,0.735,2.446
0.75,5.0,101,tail_safe,500,271.001,1075.953,2833.614,4725.858,0,1.333,1.238,1.662
0.75,5.0,101,gated_hybrid,500,259.481,919.202,2700.392,4593.869,0,1.392,1.449,1.584
0.75,2.0,202,fcfs,500,80.617,480.99,685.204,1234.433,0,1.0,1.0,1.0
0.75,2.0,202,pure_ltr,500,83.683,437.047,1207.592,2164.59,0,0.963,1.101,1.762
0.75,2.0,202,ltr_aging,500,83.683,437.047,1207.592,2164.59,0,0.963,1.101,1.762
0.75,2.0,202,tail_safe,500,75.784,406.156,894.35,1885.61,0,1.064,1.184,1.305
0.75,2.0,202,gated_hybrid,500,74.34,406.156,894.35,1885.61,0,1.084,1.184,1.305
0.75,3.0,202,fcfs,500,112.533,583.658,812.247,1019.254,0,1.0,1.0,1.0
0.75,3.0,202,pure_ltr,500,101.48,514.681,1066.722,1646.631,0,1.109,1.134,1.313
0.75,3.0,202,ltr_aging,500,101.48,514.681,1066.722,1646.631,0,1.109,1.134,1.313
0.75,3.0,202,tail_safe,500,99.912,571.651,893.156,1232.131,0,1.126,1.021,1.1
0.75,3.0,202,gated_hybrid,500,96.497,510.69,893.156,1232.131,0,1.166,1.143,1.1
0.75,4.0,202,fcfs,500,255.461,921.97,1578.217,2643.911,0,1.0,1.0,1.0
0.75,4.0,202,pure_ltr,500,258.462,1072.363,3219.05,5779.581,1,0.988,0.86,2.04
0.75,4.0,202,ltr_aging,500,255.867,1072.363,2711.9,4815.731,0,0.998,0.86,1.718
0.75,4.0,202,tail_safe,500,209.762,919.559,1901.654,3399.212,0,1.218,1.003,1.205
0.75,4.0,202,gated_hybrid,500,208.977,914.411,1901.654,3399.212,0,1.222,1.008,1.205
0.75,5.0,202,fcfs,500,568.411,2925.666,3502.083,3581.294,0,1.0,1.0,1.0
0.75,5.0,202,pure_ltr,500,597.454,2753.02,9211.256,12234.952,15,0.951,1.063,2.63
0.75,5.0,202,ltr_aging,500,597.793,2786.228,8833.059,11036.902,13,0.951,1.05,2.522
0.75,5.0,202,tail_safe,500,424.303,1705.779,5016.194,7547.083,6,1.34,1.715,1.432
0.75,5.0,202,gated_hybrid,500,393.832,1582.755,4823.224,7598.763,4,1.443,1.848,1.377
0.75,2.0,303,fcfs,500,68.595,433.199,728.8,1024.18,0,1.0,1.0,1.0
0.75,2.0,303,pure_ltr,500,69.899,407.535,928.805,3321.008,0,0.981,1.063,1.274
0.75,2.0,303,ltr_aging,500,69.899,407.535,928.805,3321.008,0,0.981,1.063,1.274
0.75,2.0,303,tail_safe,500,60.13,348.047,804.141,1096.093,0,1.141,1.245,1.103
0.75,2.0,303,gated_hybrid,500,59.738,348.047,766.462,1096.093,0,1.148,1.245,1.052
0.75,3.0,303,fcfs,500,135.576,626.652,1466.757,1683.66,0,1.0,1.0,1.0
0.75,3.0,303,pure_ltr,500,132.602,802.147,1572.573,2579.991,0,1.022,0.781,1.072
0.75,3.0,303,ltr_aging,500,132.98,802.147,1468.029,2579.991,0,1.02,0.781,1.001
0.75,3.0,303,tail_safe,500,119.054,545.244,1305.791,2808.47,0,1.139,1.149,0.89
0.75,3.0,303,gated_hybrid,500,115.345,516.603,1323.739,2808.47,0,1.175,1.213,0.902
0.75,4.0,303,fcfs,500,309.538,1426.596,2094.634,2424.514,0,1.0,1.0,1.0
0.75,4.0,303,pure_ltr,500,287.956,1474.577,3574.317,4307.929,0,1.075,0.967,1.706
0.75,4.0,303,ltr_aging,500,283.064,1462.482,2952.992,4197.837,0,1.094,0.975,1.41
0.75,4.0,303,tail_safe,500,245.307,1163.414,2633.022,3858.427,0,1.262,1.226,1.257
0.75,4.0,303,gated_hybrid,500,237.443,1086.932,2718.876,3713.727,0,1.304,1.312,1.298
0.75,5.0,303,fcfs,500,716.608,3003.1,3554.609,3940.027,0,1.0,1.0,1.0
0.75,5.0,303,pure_ltr,500,757.349,3594.189,9944.363,14141.873,21,0.946,0.836,2.798
0.75,5.0,303,ltr_aging,500,757.915,3471.263,8748.027,13519.823,19,0.945,0.865,2.461
0.75,5.0,303,tail_safe,500,523.843,2232.141,5741.334,6180.22,9,1.368,1.345,1.615
0.75,5.0,303,gated_hybrid,500,493.966,2229.186,5786.784,6180.22,9,1.451,1.347,1.628
0.75,2.0,404,fcfs,500,118.381,648.417,1217.786,1403.845,0,1.0,1.0,1.0
0.75,2.0,404,pure_ltr,500,132.076,723.045,1825.966,2296.924,0,0.896,0.897,1.499
0.75,2.0,404,ltr_aging,500,131.65,762.701,1799.175,2296.924,0,0.899,0.85,1.477
0.75,2.0,404,tail_safe,500,109.59,605.203,1425.268,1798.906,0,1.08,1.071,1.17
0.75,2.0,404,gated_hybrid,500,111.623,705.078,1425.268,1798.906,0,1.061,0.92,1.17
0.75,3.0,404,fcfs,500,165.837,822.284,1186.301,1701.049,0,1.0,1.0,1.0
0.75,3.0,404,pure_ltr,500,182.462,870.138,2591.018,3563.543,0,0.909,0.945,2.184
0.75,3.0,404,ltr_aging,500,182.628,870.138,2591.018,3563.543,0,0.908,0.945,2.184
0.75,3.0,404,tail_safe,500,150.023,693.01,1576.669,3124.111,0,1.105,1.187,1.329
0.75,3.0,404,gated_hybrid,500,149.969,694.574,1576.669,3124.111,0,1.106,1.184,1.329
0.75,4.0,404,fcfs,500,464.795,1648.293,2372.89,2515.876,0,1.0,1.0,1.0
0.75,4.0,404,pure_ltr,500,476.078,2466.075,5819.031,9081.123,8,0.976,0.668,2.452
0.75,4.0,404,ltr_aging,500,478.949,2465.257,5239.381,8209.143,7,0.97,0.669,2.208
0.75,4.0,404,tail_safe,500,366.16,1458.282,3696.93,4218.803,0,1.269,1.13,1.558
0.75,4.0,404,gated_hybrid,500,340.027,1595.833,2801.167,4218.803,0,1.367,1.033,1.18
0.75,5.0,404,fcfs,500,639.705,2048.178,2368.498,2687.87,0,1.0,1.0,1.0
0.75,5.0,404,pure_ltr,500,669.105,3836.185,6586.611,9183.317,13,0.956,0.534,2.781
0.75,5.0,404,ltr_aging,500,666.078,3645.301,6174.445,8772.697,11,0.96,0.562,2.607
0.75,5.0,404,tail_safe,500,467.534,2386.931,3750.232,4465.906,0,1.368,0.858,1.583
0.75,5.0,404,gated_hybrid,500,436.893,2356.027,3550.209,4233.957,0,1.464,0.869,1.499
0.75,2.0,505,fcfs,500,70.908,406.798,871.196,1543.146,0,1.0,1.0,1.0
0.75,2.0,505,pure_ltr,500,67.263,419.871,874.767,1695.746,0,1.054,0.969,1.004
0.75,2.0,505,ltr_aging,500,67.263,419.871,874.767,1695.746,0,1.054,0.969,1.004
0.75,2.0,505,tail_safe,500,65.229,393.616,1104.727,1695.746,0,1.087,1.033,1.268
0.75,2.0,505,gated_hybrid,500,62.566,308.643,1104.727,1695.746,0,1.133,1.318,1.268
0.75,3.0,505,fcfs,500,123.46,638.513,1535.823,1788.385,0,1.0,1.0,1.0
0.75,3.0,505,pure_ltr,500,111.13,597.494,1541.944,1840.066,0,1.111,1.069,1.004
0.75,3.0,505,ltr_aging,500,111.002,599.058,1446.886,1784.886,0,1.112,1.066,0.942
0.75,3.0,505,tail_safe,500,100.819,542.178,1018.694,2687.966,0,1.225,1.178,0.663
0.75,3.0,505,gated_hybrid,500,101.157,527.327,1018.694,2687.966,0,1.22,1.211,0.663
0.75,4.0,505,fcfs,500,265.223,1128.571,1690.593,1980.696,0,1.0,1.0,1.0
0.75,4.0,505,pure_ltr,500,267.911,1233.423,3356.925,4969.942,0,0.99,0.915,1.986
0.75,4.0,505,ltr_aging,500,270.06,1227.782,3043.093,4852.963,0,0.982,0.919,1.8
0.75,4.0,505,tail_safe,500,207.019,883.433,1724.446,3244.21,0,1.281,1.277,1.02
0.75,4.0,505,gated_hybrid,500,196.201,866.238,1722.328,3471.163,0,1.352,1.303,1.019
0.75,5.0,505,fcfs,500,287.955,1068.742,1346.572,1700.322,0,1.0,1.0,1.0
0.75,5.0,505,pure_ltr,500,297.576,1363.112,2553.409,5663.953,1,0.968,0.784,1.896
0.75,5.0,505,ltr_aging,500,302.87,1427.56,2373.588,5663.953,1,0.951,0.749,1.763
0.75,5.0,505,tail_safe,500,224.307,911.885,1449.893,2574.968,0,1.284,1.172,1.077
0.75,5.0,505,gated_hybrid,500,219.245,909.527,1449.893,2574.968,0,1.313,1.175,1.077
0.75,2.0,606,fcfs,500,103.187,598.423,1130.495,1435.099,0,1.0,1.0,1.0
0.75,2.0,606,pure_ltr,500,98.757,523.909,1121.66,2545.252,0,1.045,1.142,0.992
0.75,2.0,606,ltr_aging,500,96.576,562.413,1121.66,1597.91,0,1.068,1.064,0.992
0.75,2.0,606,tail_safe,500,89.041,554.333,953.314,1597.91,0,1.159,1.08,0.843
0.75,2.0,606,gated_hybrid,500,88.42,552.722,953.048,1597.91,0,1.167,1.083,0.843
0.75,3.0,606,fcfs,500,209.904,1076.199,1805.436,2544.826,0,1.0,1.0,1.0
0.75,3.0,606,pure_ltr,500,222.269,823.731,3615.737,6502.574,3,0.944,1.306,2.003
0.75,3.0,606,ltr_aging,500,221.162,1075.581,2957.325,6114.334,2,0.949,1.001,1.638
0.75,3.0,606,tail_safe,500,178.664,851.992,1976.956,4626.677,0,1.175,1.263,1.095
0.75,3.0,606,gated_hybrid,500,173.441,851.992,2072.692,3273.457,0,1.21,1.263,1.148
0.75,4.0,606,fcfs,500,442.919,1645.159,2372.327,2600.714,0,1.0,1.0,1.0
0.75,4.0,606,pure_ltr,500,403.414,1833.599,5112.185,8170.728,6,1.098,0.897,2.155
0.75,4.0,606,ltr_aging,500,406.747,1838.08,4937.607,7511.988,4,1.089,0.895,2.081
0.75,4.0,606,tail_safe,500,336.514,1408.573,2849.018,5099.149,1,1.316,1.168,1.201
0.75,4.0,606,gated_hybrid,500,321.971,1409.157,2849.018,5273.839,1,1.376,1.167,1.201
0.75,5.0,606,fcfs,500,954.201,3018.522,3728.015,4300.843,0,1.0,1.0,1.0
0.75,5.0,606,pure_ltr,500,1002.528,5309.945,11015.241,21157.747,29,0.952,0.568,2.955
0.75,5.0,606,ltr_aging,500,1023.059,5464.341,10772.105,17888.359,31,0.933,0.552,2.89
0.75,5.0,606,tail_safe,500,698.029,3814.145,5678.587,6114.639,10,1.367,0.791,1.523
0.75,5.0,606,gated_hybrid,500,650.539,3897.507,5264.257,6079.258,11,1.467,0.774,1.412
0.75,2.0,707,fcfs,500,68.786,414.37,816.778,1205.321,0,1.0,1.0,1.0
0.75,2.0,707,pure_ltr,500,69.058,468.294,886.7,1542.541,0,0.996,0.885,1.086
0.75,2.0,707,ltr_aging,500,69.058,468.294,886.7,1542.541,0,0.996,0.885,1.086
0.75,2.0,707,tail_safe,500,63.833,367.098,870.086,1592.162,0,1.078,1.129,1.065
0.75,2.0,707,gated_hybrid,500,63.679,367.098,870.315,1592.162,0,1.08,1.129,1.066
0.75,3.0,707,fcfs,500,202.375,840.144,2065.42,2503.986,0,1.0,1.0,1.0
0.75,3.0,707,pure_ltr,500,211.845,1230.781,2240.104,3257.738,0,0.955,0.683,1.085
0.75,3.0,707,ltr_aging,500,212.808,1230.873,2231.182,3257.738,0,0.951,0.683,1.08
0.75,3.0,707,tail_safe,500,175.395,751.22,1959.34,2535.336,0,1.154,1.118,0.949
0.75,3.0,707,gated_hybrid,500,176.291,784.18,1959.34,2535.336,0,1.148,1.071,0.949
0.75,4.0,707,fcfs,500,376.77,1409.819,1907.118,2098.343,0,1.0,1.0,1.0
0.75,4.0,707,pure_ltr,500,382.302,1743.236,4445.277,8524.638,4,0.986,0.809,2.331
0.75,4.0,707,ltr_aging,500,381.617,1741.457,3981.707,7559.033,3,0.987,0.81,2.088
0.75,4.0,707,tail_safe,500,285.709,1210.491,2795.247,3669.048,0,1.319,1.165,1.466
0.75,4.0,707,gated_hybrid,500,279.856,1146.342,2795.247,3669.048,0,1.346,1.23,1.466
0.75,5.0,707,fcfs,500,763.22,2239.342,2561.04,2812.714,0,1.0,1.0,1.0
0.75,5.0,707,pure_ltr,500,800.82,3709.305,8041.772,10696.771,16,0.953,0.604,3.14
0.75,5.0,707,ltr_aging,500,777.713,3684.523,6181.982,7762.591,12,0.981,0.608,2.414
0.75,5.0,707,tail_safe,500,545.606,2153.772,4126.996,5359.247,2,1.399,1.04,1.611
0.75,5.0,707,gated_hybrid,500,526.665,2275.27,4126.996,4361.662,0,1.449,0.984,1.611
1.0,2.0,42,fcfs,500,29.502,155.615,289.968,1174.272,0,1.0,1.0,1.0
1.0,2.0,42,pure_ltr,500,30.128,177.441,295.837,1174.272,0,0.979,0.877,1.02
1.0,2.0,42,ltr_aging,500,30.128,177.441,295.837,1174.272,0,0.979,0.877,1.02
1.0,2.0,42,tail_safe,500,29.233,155.615,289.968,1227.382,0,1.009,1.0,1.0
1.0,2.0,42,gated_hybrid,500,29.233,155.615,289.968,1227.382,0,1.009,1.0,1.0
1.0,3.0,42,fcfs,500,62.151,301.802,765.658,1406.86,0,1.0,1.0,1.0
1.0,3.0,42,pure_ltr,500,62.167,285.081,889.782,1555.568,0,1.0,1.059,1.162
1.0,3.0,42,ltr_aging,500,62.167,285.081,889.782,1555.568,0,1.0,1.059,1.162
1.0,3.0,42,tail_safe,500,53.595,233.691,682.052,1515.39,0,1.16,1.291,0.891
1.0,3.0,42,gated_hybrid,500,53.595,233.691,682.052,1515.39,0,1.16,1.291,0.891
1.0,4.0,42,fcfs,500,102.182,448.539,1219.807,1558.26,0,1.0,1.0,1.0
1.0,4.0,42,pure_ltr,500,101.348,511.692,1606.475,2226.985,0,1.008,0.877,1.317
1.0,4.0,42,ltr_aging,500,100.721,509.9,1433.328,2226.985,0,1.015,0.88,1.175
1.0,4.0,42,tail_safe,500,85.024,370.212,1199.058,1622.545,0,1.202,1.212,0.983
1.0,4.0,42,gated_hybrid,500,85.024,370.212,1199.058,1622.545,0,1.202,1.212,0.983
1.0,5.0,42,fcfs,500,189.091,856.63,1389.512,1603.586,0,1.0,1.0,1.0
1.0,5.0,42,pure_ltr,500,174.422,719.652,2790.376,3811.456,0,1.084,1.19,2.008
1.0,5.0,42,ltr_aging,500,177.764,799.589,2610.899,3697.116,0,1.064,1.071,1.879
1.0,5.0,42,tail_safe,500,136.589,642.412,1452.19,1839.97,0,1.384,1.333,1.045
1.0,5.0,42,gated_hybrid,500,136.589,642.412,1452.19,1839.97,0,1.384,1.333,1.045
1.0,2.0,6806,fcfs,500,28.872,202.383,436.699,968.548,0,1.0,1.0,1.0
1.0,2.0,6806,pure_ltr,500,31.117,184.415,626.711,1037.978,0,0.928,1.097,1.435
1.0,2.0,6806,ltr_aging,500,31.117,184.415,626.711,1037.978,0,0.928,1.097,1.435
1.0,2.0,6806,tail_safe,500,26.795,184.415,395.459,968.548,0,1.077,1.097,0.906
1.0,2.0,6806,gated_hybrid,500,26.795,184.415,395.459,968.548,0,1.077,1.097,0.906
1.0,3.0,6806,fcfs,500,46.766,244.132,449.912,895.509,0,1.0,1.0,1.0
1.0,3.0,6806,pure_ltr,500,46.511,250.666,433.822,964.939,0,1.005,0.974,0.964
1.0,3.0,6806,ltr_aging,500,46.511,250.666,433.822,964.939,0,1.005,0.974,0.964
1.0,3.0,6806,tail_safe,500,41.821,227.587,340.341,895.509,0,1.118,1.073,0.756
1.0,3.0,6806,gated_hybrid,500,41.821,227.587,340.341,895.509,0,1.118,1.073,0.756
1.0,4.0,6806,fcfs,500,95.119,433.223,1137.763,1366.526,0,1.0,1.0,1.0
1.0,4.0,6806,pure_ltr,500,97.211,571.586,1255.651,2211.576,0,0.978,0.758,1.104
1.0,4.0,6806,ltr_aging,500,97.398,571.586,1297.597,2211.576,0,0.977,0.758,1.14
1.0,4.0,6806,tail_safe,500,76.465,361.99,828.356,1698.998,0,1.244,1.197,0.728
1.0,4.0,6806,gated_hybrid,500,76.465,361.99,828.356,1698.998,0,1.244,1.197,0.728
1.0,5.0,6806,fcfs,500,104.639,459.032,792.056,1425.617,0,1.0,1.0,1.0
1.0,5.0,6806,pure_ltr,500,111.097,515.412,1221.04,2340.847,0,0.942,0.891,1.542
1.0,5.0,6806,ltr_aging,500,110.759,515.412,1221.04,2340.847,0,0.945,0.891,1.542
1.0,5.0,6806,tail_safe,500,84.136,313.679,766.19,1586.177,0,1.244,1.463,0.967
1.0,5.0,6806,gated_hybrid,500,84.136,313.679,766.19,1586.177,0,1.244,1.463,0.967
1.0,2.0,20260709,fcfs,500,23.251,168.03,276.477,373.455,0,1.0,1.0,1.0
1.0,2.0,20260709,pure_ltr,500,23.254,165.308,283.376,534.586,0,1.0,1.016,1.025
1.0,2.0,20260709,ltr_aging,500,22.926,165.045,268.122,534.586,0,1.014,1.018,0.97
1.0,2.0,20260709,tail_safe,500,21.984,165.045,249.202,373.455,0,1.058,1.018,0.901
1.0,2.0,20260709,gated_hybrid,500,21.984,165.045,249.202,373.455,0,1.058,1.018,0.901
1.0,3.0,20260709,fcfs,500,40.627,219.077,386.096,500.386,0,1.0,1.0,1.0
1.0,3.0,20260709,pure_ltr,500,43.018,220.147,519.49,857.943,0,0.944,0.995,1.345
1.0,3.0,20260709,ltr_aging,500,43.018,220.147,519.49,857.943,0,0.944,0.995,1.345
1.0,3.0,20260709,tail_safe,500,35.627,188.852,283.783,516.444,0,1.14,1.16,0.735
1.0,3.0,20260709,gated_hybrid,500,35.627,188.852,283.783,516.444,0,1.14,1.16,0.735
1.0,4.0,20260709,fcfs,500,71.618,358.588,661.928,801.349,0,1.0,1.0,1.0
1.0,4.0,20260709,pure_ltr,500,74.293,300.517,1159.897,3442.113,0,0.964,1.193,1.752
1.0,4.0,20260709,ltr_aging,500,74.293,300.517,1159.897,3442.113,0,0.964,1.193,1.752
1.0,4.0,20260709,tail_safe,500,56.333,249.303,684.969,1023.709,0,1.271,1.438,1.035
1.0,4.0,20260709,gated_hybrid,500,56.333,249.303,684.969,1023.709,0,1.271,1.438,1.035
1.0,5.0,20260709,fcfs,500,106.78,403.479,526.814,573.104,0,1.0,1.0,1.0
1.0,5.0,20260709,pure_ltr,500,101.784,460.171,885.27,1505.362,0,1.049,0.877,1.68
1.0,5.0,20260709,ltr_aging,500,102.571,475.343,885.27,1303.917,0,1.041,0.849,1.68
1.0,5.0,20260709,tail_safe,500,83.495,340.427,615.526,868.89,0,1.279,1.185,1.168
1.0,5.0,20260709,gated_hybrid,500,83.495,340.427,615.526,868.89,0,1.279,1.185,1.168
1.0,2.0,101,fcfs,500,29.749,206.215,363.204,815.315,0,1.0,1.0,1.0
1.0,2.0,101,pure_ltr,500,29.24,206.215,361.836,867.215,0,1.017,1.0,0.996
1.0,2.0,101,ltr_aging,500,29.24,206.215,361.836,867.215,0,1.017,1.0,0.996
1.0,2.0,101,tail_safe,500,27.531,201.708,312.17,867.215,0,1.081,1.022,0.859
1.0,2.0,101,gated_hybrid,500,27.531,201.708,312.17,867.215,0,1.081,1.022,0.859
1.0,3.0,101,fcfs,500,50.746,315.273,539.26,773.019,0,1.0,1.0,1.0
1.0,3.0,101,pure_ltr,500,51.21,278.116,604.435,1103.986,0,0.991,1.134,1.121
1.0,3.0,101,ltr_aging,500,51.21,278.116,604.435,1103.986,0,0.991,1.134,1.121
1.0,3.0,101,tail_safe,500,41.227,257.656,394.836,976.439,0,1.231,1.224,0.732
1.0,3.0,101,gated_hybrid,500,41.227,257.656,394.836,976.439,0,1.231,1.224,0.732
1.0,4.0,101,fcfs,500,121.628,559.996,1807.238,1942.552,0,1.0,1.0,1.0
1.0,4.0,101,pure_ltr,500,114.039,475.991,2297.623,3787.347,0,1.067,1.176,1.271
1.0,4.0,101,ltr_aging,500,113.973,531.73,2294.278,3669.067,0,1.067,1.053,1.269
1.0,4.0,101,tail_safe,500,84.545,283.347,1191.908,2698.897,0,1.439,1.976,0.66
1.0,4.0,101,gated_hybrid,500,84.545,283.347,1191.908,2698.897,0,1.439,1.976,0.66
1.0,5.0,101,fcfs,500,129.354,516.071,1092.587,1478.908,0,1.0,1.0,1.0
1.0,5.0,101,pure_ltr,500,119.483,540.492,1225.885,2726.274,0,1.083,0.955,1.122
1.0,5.0,101,ltr_aging,500,119.35,540.492,1225.885,1785.593,0,1.084,0.955,1.122
1.0,5.0,101,tail_safe,500,99.262,401.188,941.208,1630.885,0,1.303,1.286,0.861
1.0,5.0,101,gated_hybrid,500,99.262,401.188,941.208,1630.885,0,1.303,1.286,0.861
1.0,2.0,202,fcfs,500,32.815,231.439,362.246,617.344,0,1.0,1.0,1.0
1.0,2.0,202,pure_ltr,500,32.081,231.439,408.927,676.5,0,1.023,1.0,1.129
1.0,2.0,202,ltr_aging,500,32.081,231.439,408.927,676.5,0,1.023,1.0,1.129
1.0,2.0,202,tail_safe,500,28.799,210.74,310.581,676.5,0,1.139,1.098,0.857
1.0,2.0,202,gated_hybrid,500,28.799,210.74,310.581,676.5,0,1.139,1.098,0.857
1.0,3.0,202,fcfs,500,46.199,280.728,402.596,953.721,0,1.0,1.0,1.0
1.0,3.0,202,pure_ltr,500,48.032,265.359,553.649,1447.143,0,0.962,1.058,1.375
1.0,3.0,202,ltr_aging,500,48.138,260.277,553.649,1447.143,0,0.96,1.079,1.375
1.0,3.0,202,tail_safe,500,40.206,234.211,399.1,804.54,0,1.149,1.199,0.991
1.0,3.0,202,gated_hybrid,500,40.206,234.211,399.1,804.54,0,1.149,1.199,0.991
1.0,4.0,202,fcfs,500,96.516,506.734,890.726,1193.2,0,1.0,1.0,1.0
1.0,4.0,202,pure_ltr,500,97.206,444.996,1360.568,2786.553,0,0.993,1.139,1.527
1.0,4.0,202,ltr_aging,500,97.206,432.65,1359.826,2477.353,0,0.993,1.171,1.527
1.0,4.0,202,tail_safe,500,77.857,350.127,892.967,1487.79,0,1.24,1.447,1.003
1.0,4.0,202,gated_hybrid,500,77.857,350.127,892.967,1487.79,0,1.24,1.447,1.003
1.0,5.0,202,fcfs,500,122.288,527.375,953.198,1349.41,0,1.0,1.0,1.0
1.0,5.0,202,pure_ltr,500,130.275,593.387,1580.257,4224.71,0,0.939,0.889,1.658
1.0,5.0,202,ltr_aging,500,127.479,537.987,1580.257,3149.23,0,0.959,0.98,1.658
1.0,5.0,202,tail_safe,500,93.674,423.88,1006.759,1358.334,0,1.305,1.244,1.056
1.0,5.0,202,gated_hybrid,500,93.674,423.88,1006.759,1358.334,0,1.305,1.244,1.056
1.0,2.0,303,fcfs,500,24.458,170.401,275.598,505.24,0,1.0,1.0,1.0
1.0,2.0,303,pure_ltr,500,23.409,170.401,264.892,505.24,0,1.045,1.0,0.961
1.0,2.0,303,ltr_aging,500,23.409,170.401,264.892,505.24,0,1.045,1.0,0.961
1.0,2.0,303,tail_safe,500,22.666,153.739,257.432,505.24,0,1.079,1.108,0.934
1.0,2.0,303,gated_hybrid,500,22.666,153.739,257.432,505.24,0,1.079,1.108,0.934
1.0,3.0,303,fcfs,500,49.044,230.339,729.935,923.803,0,1.0,1.0,1.0
1.0,3.0,303,pure_ltr,500,50.091,248.67,731.636,1213.613,0,0.979,0.926,1.002
1.0,3.0,303,ltr_aging,500,50.093,248.67,731.105,1213.613,0,0.979,0.926,1.002
1.0,3.0,303,tail_safe,500,46.238,206.449,749.174,923.803,0,1.061,1.116,1.026
1.0,3.0,303,gated_hybrid,500,46.238,206.449,749.174,923.803,0,1.061,1.116,1.026
1.0,4.0,303,fcfs,500,92.061,441.399,772.309,1025.324,0,1.0,1.0,1.0
1.0,4.0,303,pure_ltr,500,98.812,456.907,1152.903,2520.612,0,0.932,0.966,1.493
1.0,4.0,303,ltr_aging,500,98.503,469.191,1166.309,2141.147,0,0.935,0.941,1.51
1.0,4.0,303,tail_safe,500,72.344,289.355,722.338,1322.878,0,1.273,1.525,0.935
1.0,4.0,303,gated_hybrid,500,72.344,289.355,722.338,1322.878,0,1.273,1.525,0.935
1.0,5.0,303,fcfs,500,183.845,887.784,1496.798,1623.723,0,1.0,1.0,1.0
1.0,5.0,303,pure_ltr,500,187.016,813.788,2413.226,4114.053,0,0.983,1.091,1.612
1.0,5.0,303,ltr_aging,500,185.743,813.788,2413.226,3683.083,0,0.99,1.091,1.612
1.0,5.0,303,tail_safe,500,132.461,610.026,1616.454,2114.326,0,1.388,1.455,1.08
1.0,5.0,303,gated_hybrid,500,132.461,610.026,1616.454,2114.326,0,1.388,1.455,1.08
1.0,2.0,404,fcfs,500,78.02,417.26,1419.897,1622.391,0,1.0,1.0,1.0
1.0,2.0,404,pure_ltr,500,73.268,311.826,1448.876,2268.776,0,1.065,1.338,1.02
1.0,2.0,404,ltr_aging,500,73.418,299.007,1449.516,2268.776,0,1.063,1.395,1.021
1.0,2.0,404,tail_safe,500,66.641,276.087,1449.302,2023.053,0,1.171,1.511,1.021
1.0,2.0,404,gated_hybrid,500,66.641,276.087,1449.302,2023.053,0,1.171,1.511,1.021
1.0,3.0,404,fcfs,500,72.588,337.951,1226.528,1605.308,0,1.0,1.0,1.0
1.0,3.0,404,pure_ltr,500,73.312,312.406,1351.259,2323.288,0,0.99,1.082,1.102
1.0,3.0,404,ltr_aging,500,73.675,312.406,1351.259,2323.288,0,0.985,1.082,1.102
1.0,3.0,404,tail_safe,500,60.182,271.587,941.794,1553.39,0,1.206,1.244,0.768
1.0,3.0,404,gated_hybrid,500,60.182,271.587,941.794,1553.39,0,1.206,1.244,0.768
1.0,4.0,404,fcfs,500,160.421,657.44,1772.911,2001.088,0,1.0,1.0,1.0
1.0,4.0,404,pure_ltr,500,172.457,807.837,2272.933,5203.479,1,0.93,0.814,1.282
1.0,4.0,404,ltr_aging,500,173.216,805.068,2274.103,5078.579,1,0.926,0.817,1.283
1.0,4.0,404,tail_safe,500,123.14,486.094,1497.741,2375.506,0,1.303,1.352,0.845
1.0,4.0,404,gated_hybrid,500,123.14,486.094,1497.741,2375.506,0,1.303,1.352,0.845
1.0,5.0,404,fcfs,500,169.896,753.28,1419.139,1756.358,0,1.0,1.0,1.0
1.0,5.0,404,pure_ltr,500,189.182,901.076,2096.403,5008.639,1,0.898,0.836,1.477
1.0,5.0,404,ltr_aging,500,188.498,899.118,2245.753,4827.829,0,0.901,0.838,1.582
1.0,5.0,404,tail_safe,500,129.561,536.727,1526.355,1870.843,0,1.311,1.403,1.076
1.0,5.0,404,gated_hybrid,500,129.561,536.727,1526.355,1870.843,0,1.311,1.403,1.076
1.0,2.0,505,fcfs,500,27.826,176.179,350.967,1431.581,0,1.0,1.0,1.0
1.0,2.0,505,pure_ltr,500,28.119,173.638,368.193,1609.711,0,0.99,1.015,1.049
1.0,2.0,505,ltr_aging,500,28.119,173.638,368.193,1609.711,0,0.99,1.015,1.049
1.0,2.0,505,tail_safe,500,26.451,168.607,351.095,1431.581,0,1.052,1.045,1.0
1.0,2.0,505,gated_hybrid,500,26.451,168.607,351.095,1431.581,0,1.052,1.045,1.0
1.0,3.0,505,fcfs,500,53.664,231.372,896.18,1501.829,0,1.0,1.0,1.0
1.0,3.0,505,pure_ltr,500,55.07,275.848,820.471,1791.529,0,0.974,0.839,0.916
1.0,3.0,505,ltr_aging,500,55.07,275.848,820.471,1791.529,0,0.974,0.839,0.916
1.0,3.0,505,tail_safe,500,49.623,223.253,861.477,1501.829,0,1.081,1.036,0.961
1.0,3.0,505,gated_hybrid,500,49.623,223.253,861.477,1501.829,0,1.081,1.036,0.961
1.0,4.0,505,fcfs,500,64.945,284.665,441.427,1167.47,0,1.0,1.0,1.0
1.0,4.0,505,pure_ltr,500,67.23,283.184,674.642,1761.129,0,0.966,1.005,1.528
1.0,4.0,505,ltr_aging,500,67.385,283.468,674.426,1708.169,0,0.964,1.004,1.528
1.0,4.0,505,tail_safe,500,56.587,257.281,368.756,1167.47,0,1.148,1.106,0.835
1.0,4.0,505,gated_hybrid,500,56.587,257.281,368.756,1167.47,0,1.148,1.106,0.835
1.0,5.0,505,fcfs,500,132.085,512.949,904.87,1389.035,0,1.0,1.0,1.0
1.0,5.0,505,pure_ltr,500,154.23,641.044,1444.462,4669.931,0,0.856,0.8,1.596
1.0,5.0,505,ltr_aging,500,150.552,627.681,1434.579,4486.651,0,0.877,0.817,1.585
1.0,5.0,505,tail_safe,500,103.943,456.522,938.748,1389.035,0,1.271,1.124,1.037
1.0,5.0,505,gated_hybrid,500,103.943,456.522,938.748,1389.035,0,1.271,1.124,1.037
1.0,2.0,606,fcfs,500,36.545,188.204,480.27,1144.718,0,1.0,1.0,1.0
1.0,2.0,606,pure_ltr,500,39.468,238.427,492.368,1144.718,0,0.926,0.789,1.025
1.0,2.0,606,ltr_aging,500,39.468,238.427,492.368,1144.718,0,0.926,0.789,1.025
1.0,2.0,606,tail_safe,500,34.688,182.559,384.3,1144.718,0,1.054,1.031,0.8
1.0,2.0,606,gated_hybrid,500,34.688,182.559,384.3,1144.718,0,1.054,1.031,0.8
1.0,3.0,606,fcfs,500,68.432,318.442,985.841,1096.58,0,1.0,1.0,1.0
1.0,3.0,606,pure_ltr,500,67.057,335.315,905.589,2653.766,0,1.021,0.95,0.919
1.0,3.0,606,ltr_aging,500,66.849,335.315,905.589,2653.766,0,1.024,0.95,0.919
1.0,3.0,606,tail_safe,500,57.639,265.171,946.187,1375.313,0,1.187,1.201,0.96
1.0,3.0,606,gated_hybrid,500,57.639,265.171,946.187,1375.313,0,1.187,1.201,0.96
1.0,4.0,606,fcfs,500,101.851,509.404,741.562,1257.22,0,1.0,1.0,1.0
1.0,4.0,606,pure_ltr,500,95.199,456.394,1114.926,2880.774,0,1.07,1.116,1.503
1.0,4.0,606,ltr_aging,500,94.92,456.394,1033.869,2880.774,0,1.073,1.116,1.394
1.0,4.0,606,tail_safe,500,79.776,368.873,798.596,1360.27,0,1.277,1.381,1.077
1.0,4.0,606,gated_hybrid,500,79.776,368.873,798.596,1360.27,0,1.277,1.381,1.077
1.0,5.0,606,fcfs,500,189.005,753.853,1568.393,1827.546,0,1.0,1.0,1.0
1.0,5.0,606,pure_ltr,500,178.253,880.058,1858.475,4034.25,0,1.06,0.857,1.185
1.0,5.0,606,ltr_aging,500,177.37,880.058,1876.54,3738.997,0,1.066,0.857,1.196
1.0,5.0,606,tail_safe,500,139.76,689.309,1354.207,2415.082,0,1.352,1.094,0.863
1.0,5.0,606,gated_hybrid,500,139.76,689.309,1354.207,2415.082,0,1.352,1.094,0.863
1.0,2.0,707,fcfs,500,30.524,193.396,345.989,469.427,0,1.0,1.0,1.0
1.0,2.0,707,pure_ltr,500,30.382,193.018,346.009,569.883,0,1.005,1.002,1.0
1.0,2.0,707,ltr_aging,500,31.566,200.351,350.052,744.733,0,0.967,0.965,1.012
1.0,2.0,707,tail_safe,500,28.46,178.16,345.137,423.518,0,1.073,1.086,0.998
1.0,2.0,707,gated_hybrid,500,28.46,178.16,345.137,423.518,0,1.073,1.086,0.998
1.0,3.0,707,fcfs,500,74.073,347.403,755.483,994.438,0,1.0,1.0,1.0
1.0,3.0,707,pure_ltr,500,74.044,322.46,850.301,1740.428,0,1.0,1.077,1.126
1.0,3.0,707,ltr_aging,500,73.132,322.46,850.301,1740.428,0,1.013,1.077,1.126
1.0,3.0,707,tail_safe,500,66.028,305.181,646.997,1205.618,0,1.122,1.138,0.856
1.0,3.0,707,gated_hybrid,500,66.028,305.181,646.997,1205.618,0,1.122,1.138,0.856
1.0,4.0,707,fcfs,500,103.627,426.347,903.512,1355.09,0,1.0,1.0,1.0
1.0,4.0,707,pure_ltr,500,107.48,462.005,1258.721,2584.729,0,0.964,0.923,1.393
1.0,4.0,707,ltr_aging,500,107.502,486.867,1258.721,2524.529,0,0.964,0.876,1.393
1.0,4.0,707,tail_safe,500,85.456,361.219,1007.141,1437.868,0,1.213,1.18,1.115
1.0,4.0,707,gated_hybrid,500,85.456,361.219,1007.141,1437.868,0,1.213,1.18,1.115
1.0,5.0,707,fcfs,500,208.047,764.054,949.456,1202.922,0,1.0,1.0,1.0
1.0,5.0,707,pure_ltr,500,197.828,941.112,2309.434,4807.466,0,1.052,0.812,2.432
1.0,5.0,707,ltr_aging,500,196.665,936.713,2005.181,4700.836,0,1.058,0.816,2.112
1.0,5.0,707,tail_safe,500,148.439,751.192,1049.52,1315.106,0,1.402,1.017,1.105
1.0,5.0,707,gated_hybrid,500,148.439,751.192,1049.52,1315.106,0,1.402,1.017,1.105
