request_id,ttft_ms,ttlt_ms,output_tokens,baseline_service_ms,send_ttft_ms,send_ttlt_ms,dispatch_lag_ms,category,policy,profile,scheduled_at_unix_s,dispatched_at_unix_s,first_token_at_unix_s,completed_at_unix_s,error
bfcl:live_multiple_17-4-9:0000,1244.3813073914498,1838.2941985037178,43,107.5,1242.4781108275056,1836.3910019397736,1.9031965639442205,ood:bfcl,pure_ltr,mixed,1784506156.0082827,1784506156.010187,1784506157.2526767,1784506157.846589,
toolace-003460:0000,1271.589157404378,4646.100119454786,193,482.5,1270.6739041022956,4645.184866152704,0.9152533020824194,id:toolace,pure_ltr,mixed,1784506156.2034495,1784506156.2043645,1784506157.4750466,1784506160.8495574,
toolace-000149:0001,953.0947452876717,3236.5859432611614,121,375.0,952.6459178887308,3236.1371158622205,0.44882739894092083,id:toolace,pure_ltr,mixed,1784506157.7238061,1784506157.724255,1784506158.67691,1784506160.9604006,
bfcl:live_simple_112-68-0:0000,1076.7298224382102,2792.2960743308067,103,257.5,1074.7746950946748,2790.3409469872713,1.9551273435354233,ood:bfcl,pure_ltr,mixed,1784506159.0207663,1784506159.0227213,1784506160.0975041,1784506161.8130703,
toolace-003764:0000,1137.6128592528403,1662.499018246308,41,102.5,1136.4462410565466,1661.3324000500143,1.1666181962937117,id:toolace,pure_ltr,mixed,1784506161.6508207,1784506161.6519873,1784506162.788442,1784506163.3133283,
toolace-008645:0000,1224.4160054251552,2086.4356893580407,54,135.0,1221.7199269216508,2083.7396108545363,2.6960785035043955,id:toolace,pure_ltr,mixed,1784506169.2210166,1784506169.2237144,1784506170.4454467,1784506171.3074663,
bfcl:multi_turn_miss_func_161:0000,1095.6468167714775,4085.347330663353,170,397.5,1094.9103701859713,4084.610884077847,0.7364465855062008,ood:bfcl,pure_ltr,mixed,1784506169.7870774,1784506169.7878146,1784506170.8827353,1784506173.8724358,
bfcl:parallel_161:0000,561.2015954684466,12975.468158489093,662,1670.0,556.0472297947854,12970.313792815432,5.154365673661232,ood:bfcl,pure_ltr,mixed,1784506177.5792067,1784506177.5843618,1784506178.1404219,1784506190.5546885,
toolace-001438:0000,738.7711198534817,1736.5267570130527,64,160.0,737.89007589221,1735.645713051781,0.8810439612716436,id:toolace,pure_ltr,mixed,1784506180.0764737,1784506180.0773547,1784506180.8152542,1784506181.81301,
toolace-008412:0000,1111.0104185063392,1966.5533835068345,42,72.5,1110.8414130285382,1966.3843780290335,0.1690054778009653,id:toolace,pure_ltr,mixed,1784506183.3601556,1784506183.3603246,1784506184.4711742,1784506185.3267171,
toolace-007683:0000,1406.9728420581669,4554.42710313946,174,422.5,1406.7187360487878,4554.172997130081,0.2541060093790293,id:toolace,pure_ltr,mixed,1784506183.7097924,1784506183.7100465,1784506185.1167731,1784506188.2642272,
bfcl:live_irrelevance_647-205-1:0000,1279.393965844065,1900.7240778300911,43,107.5,1279.1812501382083,1900.5113621242344,0.21271570585668087,ood:bfcl,pure_ltr,mixed,1784506183.894158,1784506183.8943715,1784506185.173566,1784506185.7948956,
bfcl:multiple_171:0000,900.1753393094987,1846.1442631669343,56,140.0,899.19877005741,1845.1676939148456,0.976569252088666,ood:bfcl,pure_ltr,mixed,1784506184.9880688,1784506184.9890451,1784506185.8882527,1784506186.8342218,
toolace-008773:0000,1260.4791054036468,4283.597237430513,177,442.5,1259.801180101931,4282.919312128797,0.6779253017157316,id:toolace,pure_ltr,mixed,1784506185.5541046,1784506185.5547829,1784506186.8145936,1784506189.8377116,
toolace-000038:0003,989.2330314032733,17479.986149584875,826,1532.5,988.5155328083783,17479.26865098998,0.7174985948950052,id:toolace,pure_ltr,mixed,1784506189.81323,1784506189.8139477,1784506190.8024716,1784506207.2932243,
bfcl:simple_379:0000,553.787118056789,1176.1961639858782,40,100.0,553.1897020991892,1175.5987480282784,0.5974159575998783,ood:bfcl,pure_ltr,mixed,1784506191.770913,1784506191.7715104,1784506192.324709,1784506192.9471176,
toolace-006489:0000,1167.4830119591206,3332.876596832648,130,325.0,1166.439427062869,3331.8330119363964,1.0435848962515593,id:toolace,pure_ltr,mixed,1784506191.8532407,1784506191.854284,1784506193.0207303,1784506195.1861243,
toolace-004698:0000,1212.7552938181907,4721.974317915738,177,447.5,1211.8169679306448,4721.035992028192,0.9383258875459433,id:toolace,pure_ltr,mixed,1784506195.1692169,1784506195.170155,1784506196.381978,1784506199.8911974,
bfcl:multi_turn_base_26:0000,1184.341278159991,2466.9159152545035,61,152.5,1183.2083358895034,2465.782972984016,1.132942270487547,ood:bfcl,pure_ltr,mixed,1784506195.7572546,1784506195.7583876,1784506196.9416041,1784506198.2241788,
toolace-000051:0001,1021.6033936012536,3878.3634055871516,150,375.0,1020.1303760986775,3876.8903880845755,1.4730175025761127,id:toolace,pure_ltr,mixed,1784506196.4460683,1784506196.4475408,1784506197.4676764,1784506200.3244367,
toolace-001546:0000,836.638142587617,4211.763291619718,184,460.0,835.9824130311608,4211.107562063262,0.6557295564562082,id:toolace,pure_ltr,mixed,1784506197.53813,1784506197.5387855,1784506198.3747761,1784506201.7499013,
toolace-001092:0000,1033.2839346956462,1767.8178697824478,40,100.0,1032.2821009904146,1766.8160360772163,1.0018337052315474,id:toolace,pure_ltr,mixed,1784506199.9633512,1784506199.964353,1784506200.996643,1784506201.7311773,
bfcl:multi_turn_long_context_13:0000,1204.43328586407,2547.3656358662993,69,172.5,1204.0260480716825,2546.9583980739117,0.4072377923876047,ood:bfcl,pure_ltr,mixed,1784506201.0556827,1784506201.0560896,1784506202.2601252,1784506203.6030576,
toolace-006436:0000,1021.9352743588388,2418.322879355401,75,117.5,1020.9912648424506,2417.3788698390126,0.9440095163881779,id:toolace,pure_ltr,mixed,1784506201.3324482,1784506201.3333921,1784506202.3543909,1784506203.7507784,
bfcl:live_multiple_724-165-11:0000,1299.7109072748572,2249.552879249677,64,160.0,1299.4698889087886,2249.3118608836085,0.2410183660686016,ood:bfcl,pure_ltr,mixed,1784506202.9835274,1784506202.983768,1784506204.2832463,1784506205.2330885,
bfcl:live_irrelevance_593-188-0:0000,1075.2632888033986,1509.092012885958,24,60.0,1074.5049219112843,1508.3336459938437,0.7583668921142817,ood:bfcl,pure_ltr,mixed,1784506203.0010262,1784506203.0017846,1784506204.0762973,1784506204.510126,
toolace-000399:0002,1034.7511309664696,2212.1955438051373,62,107.5,1033.9222610928118,2211.3666739314795,0.8288698736578226,id:toolace,pure_ltr,mixed,1784506205.7396662,1784506205.7404952,1784506206.774425,1784506207.9518695,
toolace-007141:0000,1179.2207593098283,3849.4973143097013,153,382.5,1178.967040963471,3849.243595963344,0.2537183463573456,id:toolace,pure_ltr,mixed,1784506206.6423924,1784506206.6426466,1784506207.8216224,1784506210.4918988,
bfcl:exec_parallel_1:0000,842.2996525187045,5585.817452520132,273,682.5,841.446353122592,5584.9641531240195,0.8532993961125612,ood:bfcl,pure_ltr,mixed,1784506207.6539593,1784506207.6548126,1784506208.4962673,1784506213.239785,
toolace-008090:0000,1209.3196650967002,2393.1967380922288,78,195.0,1208.7942999787629,2392.6713729742914,0.5253651179373264,id:toolace,pure_ltr,mixed,1784506207.7111115,1784506207.7116368,1784506208.9204383,1784506210.1043153,
toolace-003354:0000,720.7073743920773,1433.1706431694329,42,92.5,716.8273841962218,1429.2906529735774,3.8799901958554983,id:toolace,pure_ltr,mixed,1784506216.0550313,1784506216.0589125,1784506216.7757516,1784506217.4882147,
bfcl:live_simple_242-126-0:0000,459.70684639178216,789.7996113169938,27,67.5,458.26899888925254,788.3617638144642,1.4378475025296211,ood:bfcl,pure_ltr,mixed,1784506218.4760704,1784506218.4775088,1784506218.935789,1784506219.2658823,
bfcl:parallel_multiple_45:0000,791.8008656706661,2234.7044565249234,84,210.0,785.8440140262246,2228.747604880482,5.956851644441485,ood:bfcl,pure_ltr,mixed,1784506226.133097,1784506226.139054,1784506226.9249055,1784506228.3678093,
toolace-005932:0000,1313.971840776503,2379.757681628689,74,185.0,1312.9867350216955,2378.7725758738816,0.9851057548075914,id:toolace,pure_ltr,mixed,1784506226.3390532,1784506226.3400378,1784506227.6530287,1784506228.7188141,
toolace-005389:0000,1139.7169958800077,2036.5680777467787,60,150.0,1138.2255700882524,2035.0766519550234,1.4914257917553186,id:toolace,pure_ltr,mixed,1784506226.6824129,1784506226.6839044,1784506227.8221385,1784506228.7189896,
bfcl:live_simple_14-3-10:0000,663.0678893998265,1253.787045367062,43,107.5,659.9858039990067,1250.7049599662423,3.0820854008197784,ood:bfcl,pure_ltr,mixed,1784506230.646221,1784506230.6493042,1784506231.3093023,1784506231.900021,
bfcl:live_multiple_259-123-0:0000,1203.9506931323558,1813.0138642154634,52,130.0,1202.8855818789452,1811.9487529620528,1.0651112534105778,ood:bfcl,pure_ltr,mixed,1784506231.5158143,1784506231.5168793,1784506232.7197735,1784506233.3288362,
bfcl:live_simple_211-117-3:0000,855.4387209005654,1428.6519649904221,45,112.5,854.2979210615158,1427.5111651513726,1.1407998390495777,ood:bfcl,pure_ltr,mixed,1784506233.3181012,1784506233.319242,1784506234.1735482,1784506234.7467616,
bfcl:simple_252:0000,695.137124042958,1717.8187649697065,70,175.0,694.7484780102968,1717.4301189370453,0.38864603266119957,ood:bfcl,pure_ltr,mixed,1784506235.5138257,1784506235.5142157,1784506236.2089787,1784506237.2316604,
toolace-004368:0000,1139.2828391399235,1473.2884822878987,27,67.5,1137.6915818545967,1471.697225002572,1.5912572853267193,id:toolace,pure_ltr,mixed,1784506237.994055,1784506237.995647,1784506239.1333492,1784506239.4673545,
toolace-009879:0000,1131.8283658474684,4238.398018991575,192,480.0,1130.349979037419,4236.919632181525,1.4783868100494146,id:toolace,pure_ltr,mixed,1784506238.614721,1784506238.6162007,1784506239.746562,1784506242.8531318,
bfcl:multi_turn_composite_195:0000,1163.8942121062428,1495.7605232484639,32,80.0,1162.3230639379472,1494.1893750801682,1.5711481682956219,ood:bfcl,pure_ltr,mixed,1784506244.1171587,1784506244.118731,1784506245.2810683,1784506245.612934,
toolace-000233:0001,976.3450874015689,2439.015291398391,85,212.5,970.3130419366062,2432.9832459334284,6.032045464962721,id:toolace,pure_ltr,mixed,1784506250.972146,1784506250.9781792,1784506251.9485052,1784506253.4111753,
toolace-000112:0003,985.413174610585,3783.380097709596,143,350.0,984.1566018294543,3782.1235249284655,1.2565727811306715,id:toolace,pure_ltr,mixed,1784506253.8615353,1784506253.8627918,1784506254.846956,1784506257.6449227,
toolace-004016:0000,1235.90670642443,3269.0423412714154,120,297.5,1235.5292541906238,3268.664889037609,0.3774522338062525,id:toolace,pure_ltr,mixed,1784506254.0664093,1784506254.0667868,1784506255.302323,1784506257.3354588,
bfcl:live_multiple_198-90-0:0000,1183.6692839860916,1295.3716989140958,16,40.0,1183.4515780210495,1295.1539929490536,0.21770596504211426,ood:bfcl,pure_ltr,mixed,1784506256.2438738,1784506256.2440915,1784506257.4275515,1784506257.5392537,
toolace-006395:0000,1054.246467538178,4805.938786594197,222,555.0,1053.4341249149293,4805.1264439709485,0.8123426232486963,id:toolace,pure_ltr,mixed,1784506258.2439024,1784506258.2447143,1784506259.298153,1784506263.0498452,
toolace-010479:0000,1133.0033002886921,1558.3827381487936,33,82.5,1132.4222581461072,1557.8016960062087,0.5810421425849199,id:toolace,pure_ltr,mixed,1784506259.3367476,1784506259.3373287,1784506260.4697602,1784506260.895139,
bfcl:simple_246:0000,624.6416135691106,954.0785306598991,32,80.0,623.821745859459,953.2586629502475,0.8198677096515894,ood:bfcl,pure_ltr,mixed,1784506262.4950013,1784506262.495821,1784506263.1196506,1784506263.4490874,
toolace-005737:0000,1082.641207613051,3272.8564175777137,135,295.0,1081.750445999205,3271.965655963868,0.8907616138458252,id:toolace,pure_ltr,mixed,1784506262.6897879,1784506262.6906796,1784506263.7724416,1784506265.9626567,
toolace-010154:0000,974.8467192985117,1807.8931693453342,57,142.5,974.2357009090483,1807.2821509558707,0.6110183894634247,id:toolace,pure_ltr,mixed,1784506266.38776,1784506266.3883715,1784506267.362617,1784506268.1956635,
toolace-007906:0000,1116.2946955300868,1519.0525595098734,33,82.5,1115.0459139607847,1517.8037779405713,1.248781569302082,id:toolace,pure_ltr,mixed,1784506269.70938,1784506269.7106295,1784506270.8256862,1784506271.228444,
toolace-008651:0000,1308.013673638925,3361.415791558102,129,322.5,1306.9710480049253,3360.373165924102,1.0426256339997053,id:toolace,pure_ltr,mixed,1784506270.4552624,1784506270.4563062,1784506271.7632895,1784506273.8166914,
bfcl:live_simple_246-128-0:0000,633.5375159978867,1447.4037229083478,53,132.5,632.972177118063,1446.8383840285242,0.5653388798236847,ood:bfcl,pure_ltr,mixed,1784506271.1852777,1784506271.185843,1784506271.8188245,1784506272.632691,
bfcl:live_irrelevance_367-81-28:0000,974.8300886712968,10080.570466583595,502,1230.0,974.1878600325435,10079.928237944841,0.642228638753295,ood:bfcl,pure_ltr,mixed,1784506272.694381,1784506272.695023,1784506273.6692183,1784506282.7749588,
bfcl:live_multiple_487-147-2:0000,1381.8496717140079,3609.8013618029654,134,335.0,1381.695750867948,3609.6474409569055,0.1539208460599184,ood:bfcl,pure_ltr,mixed,1784506274.005223,1784506274.0053768,1784506275.3870797,1784506277.6150315,
bfcl:live_multiple_930-191-18:0000,1162.0221994817257,1512.643498601392,30,75.0,1159.787680953741,1510.4089800734073,2.234518527984619,ood:bfcl,pure_ltr,mixed,1784506284.6598313,1784506284.662067,1784506285.8218656,1784506286.172486,
bfcl:live_irrelevance_228-35-3:0000,930.8897224254906,1627.8762225992978,41,102.5,925.0800109002739,1622.066511074081,5.809711525216699,ood:bfcl,pure_ltr,mixed,1784506290.2079554,1784506290.2137656,1784506291.1388566,1784506291.8358428,
bfcl:live_irrelevance_653-206-2:0000,1005.7846696581692,1704.84769763425,36,90.0,1004.162838915363,1703.2258668914437,1.6218307428061962,ood:bfcl,pure_ltr,mixed,1784506293.0755997,1784506293.0772216,1784506294.0813923,1784506294.7804554,
toolace-000143:0002,993.7683902680874,7130.041282391176,328,835.0,992.3665828537196,7128.639474976808,1.401807414367795,id:toolace,pure_ltr,mixed,1784506293.750307,1784506293.7517095,1784506294.7440865,1784506300.8803596,
bfcl:multi_turn_miss_func_197:0000,1046.850143931806,3483.5854668635875,126,550.0,1045.8179959096014,3482.553318841383,1.0321480222046375,ood:bfcl,pure_ltr,mixed,1784506294.7351449,1784506294.7361772,1784506295.7820065,1784506298.2187412,
toolace-004526:0000,761.1574705224484,1212.5208273064345,34,85.0,760.2411671541631,1211.6045239381492,0.9163033682852983,id:toolace,pure_ltr,mixed,1784506295.2885456,1784506295.2894626,1784506296.0497139,1784506296.501077,
toolace-000006:0001,988.150940509513,2305.916485376656,72,172.5,987.3451259918511,2305.110670858994,0.8058145176619291,id:toolace,pure_ltr,mixed,1784506296.8933372,1784506296.8941429,1784506297.8814957,1784506299.1992614,
bfcl:live_parallel_multiple_15-13-0:0000,1032.669420586899,2270.12379351072,78,195.0,1031.3296439126134,2268.7840168364346,1.339776674285531,ood:bfcl,pure_ltr,mixed,1784506302.8608134,1784506302.8621538,1784506303.893495,1784506305.1309505,
bfcl:live_relevance_14-14-0:0000,1047.7170378435403,1958.4493066649884,53,132.5,1042.4706421326846,1953.2029109541327,5.246395710855722,ood:bfcl,pure_ltr,mixed,1784506311.4495668,1784506311.4548142,1784506312.4973006,1784506313.4080331,
bfcl:parallel_152:0000,444.1405483521521,2312.1105504687876,103,257.5,440.02193701453507,2307.9919391311705,4.11861133761704,ood:bfcl,pure_ltr,mixed,1784506316.7515674,1784506316.755687,1784506317.1957207,1784506319.0636907,
toolace-002488:0000,922.6188031025231,1968.3523441199213,70,175.0,921.9497691374272,1967.6833101548254,0.6690339650958776,id:toolace,pure_ltr,mixed,1784506317.2170472,1784506317.217716,1784506318.1396737,1784506319.185407,
bfcl:multi_turn_long_context_132:0000,1121.197730768472,1929.7028158325702,47,107.5,1120.321867056191,1928.8269521202892,0.8758637122809887,ood:bfcl,pure_ltr,mixed,1784506318.5236127,1784506318.5244887,1784506319.644818,1784506320.4533231,
toolace-000113:0002,1250.3402223810554,4074.535796418786,170,425.0,1248.2532181311399,4072.4487921688706,2.0870042499154806,id:toolace,pure_ltr,mixed,1784506321.543539,1784506321.5456274,1784506322.7938948,1784506325.6180909,
bfcl:rest_30:0000,1193.7648826278746,1897.0972816459835,47,117.5,1192.3173710238189,1895.6497700419277,1.4475116040557623,ood:bfcl,pure_ltr,mixed,1784506324.6727931,1784506324.6742408,1784506325.866567,1784506326.5698996,
toolace-002128:0000,1018.137251958251,2933.0615159124136,106,85.0,1017.3087979201227,2932.2330618742853,0.8284540381282568,id:toolace,pure_ltr,mixed,1784506324.7021666,1784506324.7029946,1784506325.7203066,1784506327.6352313,
bfcl:irrelevance_40:0000,413.1196727976203,3051.7289338167757,132,330.0,412.99574193544686,3051.6050029546022,0.12393086217343807,ood:bfcl,pure_ltr,mixed,1784506327.0001922,1784506327.000316,1784506327.4133174,1784506330.0519266,
bfcl:parallel_multiple_143:0000,1093.8809961080551,3304.2248792480677,121,302.5,1093.3181010186672,3303.66198415868,0.5628950893878937,ood:bfcl,pure_ltr,mixed,1784506327.0620623,1784506327.062625,1784506328.1559472,1784506330.3662906,
bfcl:live_irrelevance_691-225-1:0000,1052.0006760489196,2180.7387019507587,61,152.5,1051.1063609737903,2179.8443868756294,0.8943150751292706,ood:bfcl,pure_ltr,mixed,1784506327.5760758,1784506327.5769708,1784506328.6280894,1784506329.7568274,
bfcl:java_88:0000,899.6823669876903,2044.5832079276443,84,210.0,895.458271028474,2040.359111968428,4.224095959216356,ood:bfcl,pure_ltr,mixed,1784506334.1210175,1784506334.1252418,1784506335.0207107,1784506336.1656115,
toolace-004561:0000,1150.2585718408227,2507.8890689183027,91,227.5,1146.022621076554,2503.653118154034,4.235950764268637,id:toolace,pure_ltr,mixed,1784506339.5289414,1784506339.533178,1784506340.6792128,1784506342.0368438,
bfcl:java_20:0000,644.647694658488,1234.262865735218,46,115.0,643.2795079890639,1232.8946790657938,1.3681866694241762,ood:bfcl,pure_ltr,mixed,1784506343.1968968,1784506343.1982653,1784506343.841555,1784506344.4311702,
bfcl:exec_simple_15:0000,599.045553477481,3203.355628531426,159,397.5,598.656402900815,3202.96647795476,0.3891505766659975,ood:bfcl,pure_ltr,mixed,1784506344.6902704,1784506344.6906593,1784506345.289321,1784506347.8936307,
bfcl:live_irrelevance_219-34-8:0000,762.0891239494085,3053.5468969028443,133,290.0,758.2595741841942,3049.71734713763,3.829549765214324,ood:bfcl,pure_ltr,mixed,1784506351.5316243,1784506351.5354548,1784506352.2937243,1784506354.5851827,
toolace-008001:0000,1265.7601330429316,1969.8323919437826,52,130.0,1265.512467129156,1969.584726030007,0.24766591377556324,id:toolace,pure_ltr,mixed,1784506353.6794217,1784506353.6796691,1784506354.945192,1784506355.6492639,
bfcl:live_multiple_291-130-0:0000,1210.588978836313,1600.5510727409273,34,85.0,1209.7248090431094,1599.6869029477239,0.8641697932034731,ood:bfcl,pure_ltr,mixed,1784506353.7708242,1784506353.7716882,1784506354.9814193,1784506355.371382,
bfcl:live_simple_220-117-12:0000,849.0110221318901,1529.0684050414711,48,120.0,841.2260659970343,1521.2834489066154,7.784956134855747,ood:bfcl,pure_ltr,mixed,1784506362.3266501,1784506362.334437,1784506363.175681,1784506363.8557389,
toolace-004273:0000,910.8225486706942,1811.721527716145,62,155.0,909.1254330705851,1810.0244121160358,1.6971156001091003,id:toolace,pure_ltr,mixed,1784506362.685866,1784506362.6875634,1784506363.5966945,1784506364.4975939,
toolace-002620:0000,382.32519035227597,399.2942413315177,2,5.0,378.58645198866725,395.555502967909,3.738738363608718,id:toolace,pure_ltr,mixed,1784506367.073701,1784506367.077441,1784506367.4560404,1784506367.473009,
bfcl:live_multiple_962-205-2:0000,1061.032003723085,1427.1277498919517,30,75.0,1058.8176199235022,1424.913366092369,2.21438379958272,ood:bfcl,pure_ltr,mixed,1784506369.1866775,1784506369.1888921,1784506370.2477212,1784506370.6138165,
bfcl:multi_turn_long_context_128:0000,1164.5776322111487,2450.7961582858115,62,85.0,1156.0713818762451,2442.289907950908,8.506250334903598,ood:bfcl,pure_ltr,mixed,1784506378.03719,1784506378.0456986,1784506379.201795,1784506380.4880133,
toolace-000583:0001,1197.3896075505763,3004.1196604724973,106,265.0,1196.889536920935,3003.619589842856,0.5000706296414137,id:toolace,pure_ltr,mixed,1784506378.573658,1784506378.574159,1784506379.7710605,1784506381.5777907,
toolace-003230:0000,990.6991010066122,4365.959412883967,174,435.0,989.955116994679,4365.215428872034,0.7439840119332075,id:toolace,pure_ltr,mixed,1784506378.7239614,1784506378.7247055,1784506379.714669,1784506383.089929,
toolace-010168:0000,448.30826320685446,466.7974461335689,2,5.0,446.8336331192404,465.3228160459548,1.4746300876140594,id:toolace,pure_ltr,mixed,1784506378.8694005,1784506378.8708751,1784506379.317717,1784506379.3362055,
toolace-006908:0000,1089.6807871758938,2743.1069661397487,90,225.0,1089.1326321288943,2742.5588110927492,0.5481550469994545,id:toolace,pure_ltr,mixed,1784506380.897443,1784506380.8979912,1784506381.987133,1784506383.6405592,
toolace-000392:0003,1237.051937961951,1610.4706330224872,31,77.5,1236.250069923699,1609.6687649842352,0.801868038251996,id:toolace,pure_ltr,mixed,1784506381.9751527,1784506381.9759548,1784506383.2122145,1784506383.5856333,
toolace-009684:0000,1184.5782357268035,4464.936498785391,199,497.5,1183.9895509183407,4464.347813976929,0.5886848084628582,id:toolace,pure_ltr,mixed,1784506382.2498233,1784506382.250412,1784506383.4344122,1784506386.7147708,
bfcl:parallel_67:0000,604.0565592702478,1887.3737624380738,85,212.5,597.9745169170201,1881.291720084846,6.082042353227735,ood:bfcl,pure_ltr,mixed,1784506392.1454544,1784506392.1515381,1784506392.749526,1784506394.032843,
bfcl:live_irrelevance_400-83-0:0000,413.40058343485,762.3203184921294,21,52.5,409.33440695516765,758.2541420124471,4.066176479682326,ood:bfcl,pure_ltr,mixed,1784506397.1402094,1784506397.1442764,1784506397.5536218,1784506397.9025414,
toolace-002584:0000,1111.9354602415115,1470.2709331177175,26,65.0,1108.9776640292257,1467.3131369054317,2.957796212285757,id:toolace,pure_ltr,mixed,1784506400.3172836,1784506400.3202422,1784506401.4292288,1784506401.787564,
bfcl:live_simple_165-98-0:0000,757.9482144210488,1763.258880469948,69,172.5,756.8498649634421,1762.1605310123414,1.0983494576066732,ood:bfcl,pure_ltr,mixed,1784506401.0649238,1784506401.0660338,1784506401.8228905,1784506402.8282018,
bfcl:multi_turn_miss_func_187:0000,1005.2411446813494,3926.9349195528775,146,527.5,1004.020466003567,3925.714240875095,1.2206786777824163,ood:bfcl,pure_ltr,mixed,1784506402.2323081,1784506402.2335286,1784506403.2375565,1784506406.1592503,
toolace-008494:0000,1183.838386554271,5083.278755424544,208,432.5,1183.3134971093386,5082.753865979612,0.5248894449323416,id:toolace,pure_ltr,mixed,1784506402.953066,1784506402.953591,1784506404.1369128,1784506408.0363533,
bfcl:live_multiple_155-58-9:0000,1335.4914127849042,1695.5318716354668,30,75.0,1334.698905935511,1694.7393647860736,0.7925068493932486,ood:bfcl,pure_ltr,mixed,1784506404.2611496,1784506404.261942,1784506405.596649,1784506405.9566898,
bfcl:rest_61:0000,1145.9411918185651,2845.87079891935,100,250.0,1143.9375379122794,2843.867145013064,2.003653906285763,ood:bfcl,pure_ltr,mixed,1784506405.9821992,1784506405.9842029,1784506407.1281486,1784506408.8280785,
bfcl:live_simple_74-36-2:0000,753.2776377629489,1432.4813166167587,48,120.0,752.442283090204,1431.6459619440138,0.8353546727448702,ood:bfcl,pure_ltr,mixed,1784506406.697111,1784506406.697946,1784506407.4503968,1784506408.1296003,
toolace-000824:0000,314.89444710314274,994.2919351160526,37,92.5,313.9050779864192,993.3025659993291,0.9893691167235374,id:toolace,pure_ltr,mixed,1784506407.07968,1784506407.0806699,1784506407.3945858,1784506408.0739827,
bfcl:multi_turn_miss_func_76:0000,1128.473403165117,2501.0092430748045,82,205.0,1124.4427300989628,2496.9785700086504,4.030673066154122,ood:bfcl,pure_ltr,mixed,1784506411.8714855,1784506411.8755188,1784506412.999977,1784506414.3725128,
toolace-004696:0000,1156.1107246670872,1545.0190315023065,32,80.0,1154.503840021789,1543.4121468570083,1.6068846452981234,id:toolace,pure_ltr,mixed,1784506412.722137,1784506412.7237446,1784506413.8782597,1784506414.2671676,
bfcl:live_simple_140-93-0:0000,619.0112491603941,1565.9958601463586,53,132.5,615.2001139707863,1562.1847249567509,3.8111351896077394,ood:bfcl,pure_ltr,mixed,1784506417.2958834,1784506417.299697,1784506417.914913,1784506418.8618984,
bfcl:live_multiple_113-44-0:0000,1222.2843405324966,1606.434094486758,29,72.5,1221.4359450154006,1605.5856989696622,0.8483955170959234,ood:bfcl,pure_ltr,mixed,1784506417.3803551,1784506417.3812037,1784506418.6026483,1784506418.9867978,
toolace-002136:0000,1128.3169244416058,5091.919041471556,229,572.5,1127.251821104437,5090.853938134387,1.0651033371686935,id:toolace,pure_ltr,mixed,1784506422.8189542,1784506422.8200204,1784506423.9472835,1784506427.9108858,
toolace-004660:0000,1179.780051810667,1665.2916907332838,38,95.0,1178.6093281116337,1664.1209670342505,1.1707236990332603,id:toolace,pure_ltr,mixed,1784506424.4969754,1784506424.4981463,1784506425.6767662,1784506426.162278,
toolace-002854:0000,969.8507920838892,2048.667572904378,59,72.5,969.1731070633978,2047.9898878838867,0.6776850204914808,id:toolace,pure_ltr,mixed,1784506424.7792668,1784506424.7799444,1784506425.7491248,1784506426.8279421,
toolace-003463:0000,709.641263121739,1456.7319629713893,44,110.0,704.566955100745,1451.6576549503952,5.074308020994067,id:toolace,pure_ltr,mixed,1784506432.4597692,1784506432.4648445,1784506433.1694262,1784506433.916516,
bfcl:live_multiple_820-177-3:0000,1209.043282782659,2261.5854528266937,65,162.5,1207.0721089839935,2259.6142790280282,1.9711737986654043,ood:bfcl,pure_ltr,mixed,1784506436.312249,1784506436.3142219,1784506437.5213096,1784506438.573852,
bfcl:live_parallel_multiple_2-2-0:0000,1196.5650923084468,2284.5133622176945,73,182.5,1195.6924349069595,2283.6407048162073,0.8726574014872313,ood:bfcl,pure_ltr,mixed,1784506437.4999561,1784506437.500829,1784506438.6965313,1784506439.7844794,
toolace-006251:0000,779.5992481987923,1750.656106043607,66,165.0,777.9296180233359,1748.9864758681506,1.6696301754564047,id:toolace,pure_ltr,mixed,1784506440.4336863,1784506440.435357,1784506441.2133014,1784506442.1843584,
bfcl:parallel_multiple_68:0000,1281.968999421224,5083.204404450953,235,587.5,1280.6076949927956,5081.843100022525,1.3613044284284115,ood:bfcl,pure_ltr,mixed,1784506441.6302156,1784506441.6315768,1784506442.9121938,1784506446.7134292,
toolace-000392:0004,1025.7483443710953,3287.491333205253,126,310.0,1024.9652869533747,3286.7082757875323,0.7830574177205563,id:toolace,pure_ltr,mixed,1784506446.3803353,1784506446.3811185,1784506447.406095,1784506449.6678386,
bfcl:live_simple_181-106-0:0000,847.0200325828046,1929.2229507118464,70,175.0,845.3264420386404,1927.5293601676822,1.6935905441641808,ood:bfcl,pure_ltr,mixed,1784506448.4680142,1784506448.4697077,1784506449.3150437,1784506450.3972468,
toolace-004990:0000,1256.493226159364,6533.287680242211,280,700.0,1255.1270830444992,6531.921537127346,1.3661431148648262,id:toolace,pure_ltr,mixed,1784506449.4760923,1784506449.4774582,1784506450.7325954,1784506456.0093899,
bfcl:multi_turn_long_context_64:0000,1135.905475122854,1469.5188312325627,28,70.0,1134.8143110517412,1468.4276671614498,1.0911640711128712,ood:bfcl,pure_ltr,mixed,1784506451.0271058,1784506451.0281968,1784506452.1630197,1784506452.4966333,
toolace-008905:0000,1218.9555990044028,1552.8534550685436,33,82.5,1218.0795778986067,1551.9774339627475,0.8760211057960987,id:toolace,pure_ltr,mixed,1784506451.921112,1784506451.921988,1784506453.1400769,1784506453.4739747,
bfcl:sql_17:0000,1139.2404409125447,2528.5916898865253,76,190.0,1138.7427381705493,2528.09398714453,0.49770274199545383,ood:bfcl,pure_ltr,mixed,1784506453.0500648,1784506453.0505629,1784506454.1893156,1784506455.5786672,
bfcl:multi_turn_long_context_152:0000,1016.5542769245803,3763.70598282665,143,467.5,1016.0065519157797,3763.1582578178495,0.5477250088006258,ood:bfcl,pure_ltr,mixed,1784506453.394184,1784506453.3947322,1784506454.410752,1784506457.1579037,
toolace-000470:0001,972.7440974675119,5079.852021532133,225,485.0,971.6321730520576,5078.740097116679,1.1119244154542685,id:toolace,pure_ltr,mixed,1784506454.867545,1784506454.868657,1784506455.8402996,1784506459.9474077,
bfcl:multi_turn_composite_53:0000,1143.6404334381223,1496.2030856404454,30,90.0,1142.8370960056782,1495.3997482080013,0.8033374324440956,ood:bfcl,pure_ltr,mixed,1784506457.59232,1784506457.593123,1784506458.735968,1784506459.0885308,
toolace-004019:0000,920.4927000682801,5963.363292161375,280,740.0,915.8447228837758,5958.715314976871,4.6479771845042706,id:toolace,pure_ltr,mixed,1784506464.106304,1784506464.1109526,1784506465.0268095,1784506470.06968,
bfcl:live_irrelevance_637-202-1:0000,938.4527730289847,2293.9198589883745,71,180.0,937.1470210608095,2292.6141070201993,1.3057519681751728,ood:bfcl,pure_ltr,mixed,1784506467.7204692,1784506467.7217765,1784506468.6589358,1784506470.0144029,
toolace-002583:0000,1162.8570556640625,3620.866622775793,150,375.0,1162.2554138302803,3620.264980942011,0.601641833782196,id:toolace,pure_ltr,mixed,1784506468.0809176,1784506468.0815194,1784506469.2437835,1784506471.701793,
toolace-008210:0000,1284.7213444765657,2057.3742506094277,58,145.0,1279.1343978606164,2051.7873039934784,5.586946615949273,id:toolace,pure_ltr,mixed,1784506476.3801723,1784506476.38576,1784506477.664906,1784506478.4375584,
toolace-010846:0000,1189.416695619002,5298.187563661486,242,605.0,1188.6003529652953,5297.371221007779,0.8163426537066698,id:toolace,pure_ltr,mixed,1784506477.044338,1784506477.0451553,1784506478.2337673,1784506482.3425386,
bfcl:live_irrelevance_457-124-0:0000,787.8772825933993,1453.5311195068061,46,115.0,786.7545569315553,1452.4083938449621,1.1227256618440151,ood:bfcl,pure_ltr,mixed,1784506478.5638437,1784506478.5649667,1784506479.351729,1784506480.0173824,
bfcl:live_irrelevance_49-2-37:0000,470.8525773603469,1959.675368387252,78,195.0,469.6272520814091,1958.4500431083143,1.2253252789378166,ood:bfcl,pure_ltr,mixed,1784506481.3722367,1784506481.3734624,1784506481.843101,1784506483.3319235,
toolace-002330:0000,1233.0742569174618,1591.6137809399515,34,85.0,1232.550609856844,1591.0901338793337,0.5236470606178045,id:toolace,pure_ltr,mixed,1784506481.9498527,1784506481.9503763,1784506483.182935,1784506483.5414746,
toolace-000149:0004,938.6918132659048,1270.9053631406277,20,50.0,938.1125499494374,1270.3260998241603,0.5792633164674044,id:toolace,pure_ltr,mixed,1784506483.9175377,1784506483.9181173,1784506484.8562388,1784506485.188452,
bfcl:live_irrelevance_549-169-2:0000,1068.9957779832184,4794.073011958972,205,800.0,1068.3332940097898,4793.410527985543,0.662483973428607,ood:bfcl,pure_ltr,mixed,1784506484.970953,1784506484.9716153,1784506486.039958,1784506489.765035,
bfcl:live_irrelevance_725-241-1:0000,688.7150309048593,2853.861845098436,118,295.0,688.0049859173596,2853.151800110936,0.7100449874997139,ood:bfcl,pure_ltr,mixed,1784506486.139638,1784506486.140348,1784506486.828362,1784506488.993508,
bfcl:live_irrelevance_399-82-0:0000,488.54523873887956,645.6920057535172,10,25.0,485.9664561226964,643.113223137334,2.5787826161831617,ood:bfcl,pure_ltr,mixed,1784506491.4755032,1784506491.4780834,1784506491.9640615,1784506492.1212077,
bfcl:multiple_194:0000,1129.6596757601947,1769.651421578601,45,112.5,1129.1779521852732,1769.1696980036795,0.48172357492148876,ood:bfcl,pure_ltr,mixed,1784506492.0355496,1784506492.0360312,1784506493.165218,1784506493.8052096,
toolace-005805:0000,1129.7722298186272,1555.3462200332433,35,87.5,1129.0613829623908,1554.6353731770068,0.7108468562364578,id:toolace,pure_ltr,mixed,1784506492.109754,1784506492.1104658,1784506493.2395349,1784506493.665109,
bfcl:javascript_40:0000,598.6162351910025,1171.7131540644914,34,85.0,597.3092170897871,1170.406135963276,1.3070181012153625,ood:bfcl,pure_ltr,mixed,1784506494.8421311,1784506494.843438,1784506495.4407523,1784506496.0138488,
toolace-008357:0000,1135.0240560714155,2330.7384729851037,73,182.5,1134.2786671593785,2329.9930840730667,0.745388912037015,id:toolace,pure_ltr,mixed,1784506495.2036982,1784506495.2044435,1784506496.3387253,1784506497.5344396,
toolace-008243:0000,1190.2652587741613,21566.59686472267,1094,2735.0,1188.2832469418645,21564.614852890372,1.9820118322968483,id:toolace,pure_ltr,mixed,1784506495.6955514,1784506495.697533,1784506496.8858197,1784506517.2621512,
bfcl:live_irrelevance_791-300-0:0000,892.0170478522778,2076.107397908345,65,162.5,890.1546839624643,2074.2450340185314,1.8623638898134232,ood:bfcl,pure_ltr,mixed,1784506498.7204046,1784506498.722267,1784506499.6124284,1784506500.7965183,
bfcl:live_multiple_529-151-5:0000,1135.7518429867923,2238.9747789129615,65,162.5,1134.1173730324954,2237.3403089586645,1.6344699542969465,ood:bfcl,pure_ltr,mixed,1784506500.6413944,1784506500.6430285,1784506501.7771506,1784506502.8803735,
toolace-006263:0000,1293.8198677729815,5454.649654682726,240,600.0,1292.6942110061646,5453.523997915909,1.1256567668169737,id:toolace,pure_ltr,mixed,1784506501.2270315,1784506501.2281566,1784506502.5208557,1784506506.6816854,
bfcl:simple_167:0000,651.6057543922216,1349.7600993141532,50,125.0,651.2507430743426,1349.4050879962742,0.35501131787896156,ood:bfcl,pure_ltr,mixed,1784506501.8692079,1784506501.8695624,1784506502.5208192,1784506503.2189734,
toolace-000325:0004,1064.257317688316,4390.3567446395755,174,435.0,1063.4685100521892,4389.567937003449,0.7888076361268759,id:toolace,pure_ltr,mixed,1784506507.4227707,1784506507.4235594,1784506508.4870327,1784506511.8131316,
bfcl:live_multiple_227-101-0:0000,1331.5250384621322,2515.4358334839344,79,197.5,1330.2998379804194,2514.2106330022216,1.2252004817128181,ood:bfcl,pure_ltr,mixed,1784506509.6880987,1784506509.689325,1784506511.0196412,1784506512.2035518,
toolace-000375:0001,995.1958162710071,1983.2800582516938,46,115.0,992.9187002126127,1981.0029421932995,2.277116058394313,id:toolace,pure_ltr,mixed,1784506513.8981862,1784506513.9004643,1784506514.8933952,1784506515.8814795,
toolace-005773:0000,1147.5048088468611,2621.5082658454776,87,217.5,1146.4218040928245,2620.425261091441,1.083004754036665,id:toolace,pure_ltr,mixed,1784506514.1835802,1784506514.1846633,1784506515.3310966,1784506516.8051,
bfcl:live_multiple_526-151-2:0000,1133.508027996868,2133.80329310894,65,162.5,1132.844943087548,2133.1402081996202,0.6630849093198776,ood:bfcl,pure_ltr,mixed,1784506514.6714172,1784506514.67208,1784506515.804934,1784506516.805229,
toolace-000287:0000,1101.580026326701,1415.297297295183,31,77.5,1100.9379900060594,1414.6552609745413,0.6420363206416368,id:toolace,pure_ltr,mixed,1784506518.028642,1784506518.0292852,1784506519.1302328,1784506519.44395,
